age,income,debt,loan_amount,credit_history_years,num_late_payments,num_credit_lines,employment_years,debt_to_income_ratio,default
45,28162.43,7237.86,119225.05,5.1,0,1,4.6,0.257,1
38,27665.78,2280.09,21057.58,9.1,2,2,11.9,0.0824,0
47,12364.86,710.31,8071.47,5.1,2,4,4.6,0.0574,0
58,29790.53,2246.83,17647.21,10.7,0,5,8.0,0.0754,0
37,56370.29,26285.21,55520.68,7.5,0,5,8.8,0.4663,0
37,16906.62,698.75,57736.8,6.1,0,4,9.8,0.0413,0
58,68124.32,18362.33,8431.5,9.4,3,2,11.2,0.2695,0
49,48662.54,29322.09,16359.22,6.1,3,2,10.0,0.6026,0
34,23375.88,5504.52,4258.13,7.1,2,5,17.6,0.2355,0
46,33358.98,20370.54,25841.45,2.9,1,6,15.8,0.6106,0
34,94749.62,56506.17,46290.12,12.2,3,2,6.0,0.5964,0
34,56394.6,11090.66,13791.94,12.4,1,3,10.9,0.1967,0
42,36507.4,21285.92,7832.94,4.4,3,3,10.0,0.5831,0
18,31488.89,18837.33,17820.5,4.7,1,6,6.3,0.5982,0
19,38023.72,12090.14,18656.82,8.6,1,7,10.5,0.318,0
33,26713.97,4496.93,14255.74,5.7,0,4,6.8,0.1683,0
27,10271.73,4283.48,15413.08,9.2,0,7,11.5,0.417,0
43,123661.93,91153.44,11625.41,16.6,1,3,15.4,0.7371,0
29,39862.65,20397.45,29636.56,4.6,0,3,4.7,0.5117,0
23,46114.76,6379.42,24076.27,12.8,2,4,11.6,0.1383,0
57,35075.4,19158.38,6084.61,4.1,3,5,3.3,0.5462,0
37,23363.49,7984.76,5952.27,4.9,1,2,9.1,0.3418,0
40,32482.13,15371.29,10899.81,8.7,2,5,8.6,0.4732,0
22,13910.0,8168.66,24088.02,11.0,2,4,7.7,0.5873,0
33,142379.58,58654.39,15039.66,16.3,2,2,8.8,0.412,0
41,17314.38,11274.9,7986.27,19.5,0,6,1.4,0.6512,0
26,19551.75,11295.52,16468.67,6.5,2,6,3.6,0.5777,0
44,27885.01,13721.06,10253.27,7.8,3,6,7.7,0.4921,0
32,78656.49,9488.67,27021.53,9.5,2,2,4.5,0.1206,0
36,,24498.67,17438.69,7.6,0,5,8.3,0.6688,0
32,17297.52,12951.08,10381.47,6.5,1,3,10.8,0.7487,0
62,77080.3,8445.85,16078.13,5.5,2,3,12.9,0.1096,0
39,56308.48,21993.69,38255.34,11.0,1,3,7.4,0.3906,0
27,50164.4,10389.6,8470.09,16.4,1,4,11.9,0.2071,0
49,55795.06,33678.94,18437.2,2.7,2,0,8.3,0.6036,1
25,152759.05,88188.37,12627.49,6.8,3,1,8.9,0.5773,0
42,134733.89,15185.6,18799.53,2.7,1,3,2.7,0.1127,0
18,24051.94,16875.37,7913.68,10.7,1,1,6.5,0.7016,0
24,96214.08,13929.73,14592.58,4.9,1,2,3.9,0.1448,0
42,45702.16,29149.17,32411.18,15.1,1,5,10.9,0.6378,0
48,48994.21,17911.51,6313.18,7.1,3,1,5.7,0.3656,0
42,13156.06,3455.02,4612.27,10.7,3,4,2.3,0.2626,0
38,32786.38,4150.47,4754.45,4.5,1,4,23.1,0.1266,0
36,22299.19,2990.13,5236.82,8.4,1,2,3.4,0.1341,0
22,59684.96,31603.93,21509.69,8.4,2,3,2.0,0.5295,0
31,69054.29,30407.66,4338.62,9.8,1,1,1.8,0.4403,0
34,10459.94,1021.6,10526.84,5.3,3,4,6.3,0.0977,0
52,35838.54,3231.14,21908.53,14.4,1,4,4.4,0.0902,0
44,71190.66,4118.27,18644.89,9.5,3,3,5.7,0.0578,0
18,32467.43,19318.57,9813.88,16.0,0,7,9.2,0.595,0
43,56243.07,32030.75,15564.36,2.9,1,5,12.7,0.5695,0
35,44832.98,2095.71,14555.38,,3,1,7.1,0.0467,0
31,44578.02,19980.58,11165.76,6.9,1,7,3.5,0.4482,0
47,30859.84,2090.47,11286.16,19.8,1,4,7.3,0.0677,0
52,17501.67,12653.65,79884.89,11.2,1,5,6.1,0.723,1
51,18528.81,13446.25,25525.9,7.6,0,4,2.5,0.7257,0
29,55581.82,31047.25,97199.49,10.8,1,3,5.9,0.5586,1
36,36741.97,27224.0,8977.08,5.9,4,2,11.2,0.741,0
43,33419.43,21694.64,12481.8,10.0,1,4,8.6,0.6492,0
51,,18665.47,4602.24,26.0,1,3,4.1,0.6628,0
34,30238.97,13781.9,6990.77,5.5,1,3,14.6,0.4558,0
37,68060.14,16664.35,61177.24,8.4,2,4,5.9,0.2448,0
26,29698.55,5174.65,8798.82,4.8,2,0,14.9,0.1742,0
25,16242.09,4251.53,62033.2,4.2,1,3,3.9,0.2618,1
49,56737.52,28527.42,4940.94,12.9,2,2,13.6,0.5028,0
56,32114.86,4435.87,5751.55,3.6,1,5,9.1,0.1381,0
39,37006.08,7657.01,10168.14,9.9,0,1,13.8,0.2069,0
52,95277.31,35676.46,12695.46,12.4,1,5,9.7,0.3744,0
44,35870.25,6687.65,27958.31,6.1,2,5,7.2,0.1864,0
32,43196.3,20341.78,19160.7,15.7,2,4,3.8,0.4709,0
44,17901.61,13221.07,9575.35,14.9,1,2,11.6,0.7385,0
58,31831.08,19049.99,12008.23,6.1,1,3,4.9,0.5985,0
39,52350.44,27910.18,10350.08,3.2,0,3,21.4,0.5331,0
58,14282.29,6658.08,6427.09,10.4,0,3,9.4,0.4662,1
18,40966.38,15991.57,6565.8,7.5,0,3,9.2,0.3904,0
49,38579.44,5758.02,30403.32,8.7,2,4,7.4,0.1493,0
41,37226.36,26645.45,3094.77,10.3,2,2,13.0,0.7158,0
36,67663.04,13453.36,48722.05,2.8,1,4,15.0,0.1988,0
41,44385.28,3242.22,10153.81,5.9,1,3,14.8,0.073,0
18,88154.23,52893.61,7201.13,18.6,1,2,11.6,0.6,0
37,,2810.86,24144.39,8.9,2,5,14.3,0.1405,0
44,39401.33,11722.56,43834.36,10.7,0,2,3.0,0.2975,0
57,38203.41,864.46,32666.52,8.4,4,3,10.4,0.0226,1
33,,2096.5,19959.92,10.5,0,5,5.3,0.1097,0
30,64458.51,8931.56,31872.24,14.7,1,5,10.3,0.1386,0
33,146503.41,6377.02,3383.96,1.9,0,3,4.5,0.0435,0
50,35946.84,18883.79,8800.25,12.0,1,4,9.7,0.5253,0
43,49168.71,32923.67,6445.03,7.6,2,1,8.9,0.6696,0
33,38204.6,11409.89,35586.12,13.1,0,5,17.0,0.2987,0
46,23667.29,16559.08,9830.23,6.2,0,3,5.8,0.6997,0
41,12179.92,2078.84,26273.74,6.1,2,0,6.3,0.1707,0
51,23778.47,6189.83,20510.36,3.5,0,2,8.5,0.2603,0
31,15753.61,1899.72,6701.95,7.7,1,4,3.5,0.1206,0
36,100958.14,50120.4,8353.48,3.3,2,3,4.8,0.4964,0
35,33892.0,11384.18,37611.09,7.3,2,4,11.9,0.3359,0
22,29508.94,14477.87,7184.02,8.7,2,3,13.4,0.4906,0
43,61913.42,37726.32,14763.22,5.0,1,6,11.9,0.6093,0
43,18526.35,8087.91,7143.56,,2,3,11.0,0.4366,0
40,22922.67,11509.57,10392.49,2.1,3,9,5.0,0.5021,0
37,37829.46,28304.01,12875.36,4.1,2,2,5.9,0.7482,0
23,67323.28,16107.19,7141.7,2.0,4,4,2.2,0.2393,0
34,49070.39,14099.45,6195.9,,0,2,20.5,0.2873,0
35,42150.22,24201.08,16798.06,26.4,2,1,4.0,0.5742,0
30,38058.15,18612.13,6796.82,,0,4,14.7,0.489,0
38,46172.59,6594.66,6984.68,29.9,1,12,10.6,0.1428,0
44,40986.24,12333.49,6302.85,8.4,2,4,9.0,0.3009,0
62,19575.16,7326.4,12552.48,9.4,1,4,25.8,0.3743,0
42,37333.55,12525.85,28423.21,,3,4,9.5,0.3355,0
43,19068.38,2719.53,44588.13,8.8,1,4,7.4,0.1426,0
39,38125.92,28195.8,7474.6,5.6,2,2,4.9,0.7395,0
18,27217.39,16598.66,74626.33,18.0,3,4,17.0,0.6099,1
39,166646.32,64172.94,5980.36,2.1,3,5,6.2,0.3851,0
40,35456.55,19290.09,31787.83,5.7,0,6,7.7,0.544,0
69,15637.96,11225.34,7499.88,4.6,2,3,4.4,0.7178,0
37,33506.4,3650.16,6655.92,9.6,0,2,6.2,0.1089,0
43,49593.51,9933.5,7362.8,1.3,1,6,10.1,0.2003,0
39,99113.25,43031.11,12810.77,17.6,3,2,13.3,0.4342,0
25,25497.32,16298.1,21247.14,9.4,1,6,9.7,0.6392,0
53,14052.33,407.57,22831.45,9.0,3,3,9.6,0.029,0
49,59284.44,46669.57,6278.03,3.6,1,7,10.4,0.7872,0
49,15861.35,5772.35,6052.78,12.3,2,4,5.5,0.3639,0
29,27953.75,8033.49,6416.89,11.6,4,3,8.1,0.2874,0
56,31114.45,7286.37,12221.07,15.5,1,2,7.7,0.2342,0
23,34829.5,4858.21,11292.29,6.5,0,4,9.3,0.1395,0
47,54912.63,34773.92,6247.02,2.6,2,1,5.4,0.6333,0
66,24096.44,18417.66,16575.53,5.1,0,8,20.1,0.7643,0
28,30815.17,10197.23,81638.4,,1,2,8.7,0.3309,1
33,36005.89,27434.2,8921.57,5.7,1,2,18.4,0.7619,0
41,39725.91,26180.89,9444.53,22.1,0,5,9.9,0.659,0
33,38510.89,14820.57,20904.7,12.5,4,1,1.3,0.3848,0
21,47174.25,25437.34,8543.68,20.4,3,5,8.5,0.5392,0
40,60252.76,20967.2,22814.96,5.9,1,5,6.2,0.348,0
27,45962.47,20544.25,7518.83,10.2,1,3,3.9,0.447,0
45,47674.47,2213.86,57855.03,4.1,2,1,19.3,0.0464,1
28,14054.05,7828.26,17602.92,12.9,1,4,7.7,0.557,0
58,37426.59,1581.64,8135.41,10.6,3,5,15.7,0.0423,0
30,48421.76,31651.75,8341.9,12.1,3,3,10.4,0.6537,0
36,56238.94,37115.31,8856.97,6.3,2,4,12.7,0.66,0
49,23970.75,4546.34,40062.65,8.6,0,4,36.3,0.1897,0
25,24454.67,6332.05,4841.59,8.3,1,4,6.5,0.2589,0
42,25733.26,9908.55,7829.44,6.3,2,8,2.8,0.385,0
55,50103.61,23915.97,8524.26,8.9,2,4,5.8,0.4773,0
20,67530.1,15524.02,13193.11,9.8,4,4,6.4,0.2299,0
42,28439.21,13479.88,10754.85,10.9,5,9,4.4,0.474,0
43,62616.08,14917.01,4052.21,6.2,0,3,10.6,0.2382,0
49,39108.22,1736.11,9702.53,12.5,0,4,10.6,0.0444,0
25,33705.91,68.15,12337.02,12.0,2,5,3.6,0.002,0
24,31989.71,2588.63,8083.03,11.0,1,4,7.6,0.0809,0
46,56838.37,36024.19,23142.37,13.1,3,3,11.3,0.6338,0
43,44149.93,33957.7,27876.15,7.1,2,2,4.4,0.7691,0
43,142271.89,48596.23,12547.67,3.7,3,7,3.8,0.3416,0
44,21778.21,8932.27,16065.56,12.1,2,3,12.3,0.4101,0
31,49556.12,5821.78,2371.21,5.5,1,2,4.2,0.1175,0
42,26435.93,11653.62,9538.75,2.7,4,6,4.8,0.4408,0
43,21556.4,2494.59,29847.53,5.6,0,6,2.7,0.1157,0
31,36079.49,17641.84,9520.96,8.8,3,6,5.5,0.489,0
62,39435.1,29442.52,7407.07,16.9,1,4,15.6,0.7466,1
45,209170.32,32747.46,82631.9,9.9,0,4,3.2,0.1566,1
25,32516.81,19888.94,57254.51,13.0,1,4,9.3,0.6117,0
47,18432.91,346.57,19420.02,11.9,2,1,13.6,0.0188,0
28,42779.16,12850.77,33227.35,9.6,1,6,14.1,0.3004,0
49,10458.98,926.65,2251.27,6.8,1,5,10.6,0.0886,0
53,34366.1,9690.57,7114.99,4.1,0,7,6.6,0.282,1
30,36666.37,5090.38,9173.13,23.7,3,2,6.9,0.1388,0
51,58498.72,17470.29,11061.39,5.7,0,2,4.5,0.2986,0
44,65132.14,21755.32,9027.63,6.7,2,7,3.4,0.334,0
49,26845.63,6455.65,1737.11,7.4,1,4,17.4,0.2405,0
62,33177.65,17428.14,18193.5,5.6,0,3,11.4,0.5253,0
37,22932.89,16857.55,20638.7,10.7,1,5,6.4,0.7351,0
30,18456.33,5914.82,48123.17,5.7,0,6,3.5,0.3205,0
29,43736.44,6729.92,7110.68,6.6,1,2,5.0,0.1539,0
30,16913.18,3663.03,6659.96,5.4,0,1,16.3,0.2166,0
39,28317.18,19346.32,1565.58,6.5,2,2,6.6,0.6832,0
44,19988.16,9140.82,10563.36,3.6,2,2,9.2,0.4573,0
43,50504.11,18383.94,27471.09,3.1,0,8,5.3,0.364,0
49,107029.32,12812.41,8189.32,18.9,0,4,17.1,0.1197,0
40,16631.39,5983.67,74217.54,13.0,2,4,2.4,0.3598,1
57,11946.44,2661.59,10880.46,17.3,2,6,5.5,0.2228,0
36,33693.76,25422.97,15026.85,18.1,1,4,12.1,0.7545,0
72,36659.16,25927.41,4489.59,4.5,1,5,15.8,0.7073,0
47,41406.6,2779.3,16810.79,16.8,1,4,5.7,0.0671,0
29,27783.78,11483.67,2742.28,14.3,1,6,12.2,0.4133,0
27,32196.61,5796.89,23270.89,6.5,1,4,,0.18,0
45,45274.82,14878.29,23850.07,9.8,0,3,13.8,0.3286,0
37,67796.0,47557.43,39633.62,12.8,0,5,3.3,0.7015,0
48,11237.04,4742.16,5907.78,11.3,0,3,17.7,0.422,0
45,29104.16,7781.64,15190.87,7.5,4,4,12.2,0.2674,0
39,41286.27,6866.35,20974.3,8.9,0,1,14.2,0.1663,0
29,20935.77,13404.33,19031.02,10.5,3,5,12.3,0.6403,0
21,102611.14,51266.0,6685.93,6.4,0,2,21.0,0.4996,0
34,24803.85,9287.86,1971.23,11.2,0,2,9.7,0.3745,0
50,35426.82,6163.82,17633.72,5.1,2,4,9.2,0.174,0
42,50696.56,13556.11,11825.34,17.1,4,2,18.6,0.2674,0
25,25469.3,19557.23,8490.16,14.0,3,3,,0.7679,0
42,11992.73,4989.84,24616.11,12.9,1,1,21.2,0.4161,0
44,28079.84,9001.26,12888.16,10.1,0,4,5.0,0.3206,0
29,67350.41,28094.39,4650.1,9.2,3,5,9.9,0.4171,0
41,29669.15,18489.54,2849.33,14.3,2,4,6.4,0.6232,0
40,21854.0,5946.19,5414.47,3.9,3,4,2.7,0.2721,0
26,63284.98,9047.53,90618.15,4.8,4,4,11.2,0.143,1
44,,13934.72,23818.58,11.3,1,5,7.5,0.4679,0
46,26739.67,14229.87,15535.61,7.9,0,4,22.2,0.5322,0
52,39722.52,22648.76,11552.66,5.7,1,3,13.7,0.5702,0
52,57667.56,40689.66,10960.86,14.9,3,1,9.0,0.7056,0
23,151604.15,45017.23,33987.8,8.7,2,3,8.9,0.2969,0
28,59655.5,3596.27,9022.92,9.8,3,5,8.5,0.0603,0
46,72831.51,55838.38,21195.33,15.1,2,7,10.0,0.7667,0
46,26807.05,9329.11,10109.77,7.4,2,4,3.3,0.348,0
46,19623.42,9784.36,63077.87,22.3,3,0,6.1,0.4986,1
80,37699.38,20095.44,24193.29,4.1,1,5,10.0,0.533,1
46,38727.37,16932.03,36186.65,14.8,1,2,5.3,0.4372,0
53,19013.27,3122.09,8370.53,5.9,3,4,2.1,0.1642,0
51,32689.96,19748.48,31148.11,13.5,0,3,8.3,0.6041,0
47,46147.15,29672.69,10403.92,5.2,3,3,14.7,0.643,0
36,45081.9,19943.35,14589.07,3.1,1,3,6.1,0.4424,0
49,49147.08,19209.08,49416.42,13.6,2,4,8.3,0.3908,1
30,43242.49,3941.58,5800.97,6.5,3,2,25.5,0.0912,0
37,26790.29,1799.27,15718.57,3.1,1,2,11.8,0.0672,0
34,26679.74,7247.6,18966.02,14.0,0,4,11.9,0.2717,0
40,17687.78,4398.54,20251.89,9.2,1,7,,0.2487,0
67,105965.09,80843.43,9314.92,6.5,0,6,10.2,0.7629,0
18,36609.76,22950.59,70898.98,10.1,3,4,10.8,0.6269,1
48,31732.23,16752.7,4741.24,7.4,2,6,21.9,0.5279,0
20,20800.34,8613.81,42920.65,6.9,3,7,7.3,0.4141,0
34,211376.2,28302.01,35314.63,12.7,4,2,2.3,0.1339,1
53,,14929.3,61127.13,9.3,2,0,7.4,0.7828,1
40,28076.59,8423.89,3749.65,5.0,1,4,4.9,0.3,0
27,46606.82,3986.77,6667.06,8.0,0,5,2.8,0.0855,0
31,52058.73,20565.23,44070.88,12.6,1,3,5.5,0.395,0
48,64521.85,45113.57,2976.1,4.0,2,6,13.6,0.6992,0
31,107426.82,76255.08,3695.36,15.6,1,5,7.9,0.7098,1
42,49202.25,431.64,9039.45,9.1,1,4,17.1,0.0088,0
40,19271.48,13664.18,15577.69,8.7,1,3,2.8,0.709,0
32,31127.06,6760.4,47752.18,8.9,1,2,5.5,0.2172,0
65,43682.35,1361.92,11519.39,19.4,0,4,1.4,0.0312,0
47,125609.81,85192.62,8212.47,8.1,0,4,3.4,0.6782,0
18,15698.44,10849.09,17139.0,6.6,1,4,6.5,0.6911,0
42,74723.2,35641.84,19451.46,7.5,0,5,3.3,0.477,0
32,40455.13,18591.03,19015.16,13.6,3,4,3.3,0.4595,0
50,60035.92,39053.14,11586.68,11.6,0,6,13.0,0.6505,0
30,34159.74,21488.1,2795.96,8.1,0,6,5.3,0.629,0
38,21906.54,15599.3,6411.88,24.8,0,4,4.0,0.7121,0
46,56983.88,25198.16,41615.04,11.0,2,2,11.3,0.4422,0
50,53780.09,41632.12,15516.44,4.6,2,2,3.6,0.7741,0
25,65070.99,51856.21,10321.48,1.9,3,2,19.1,0.7969,0
35,36026.76,3358.98,32680.53,11.7,2,4,2.6,0.0932,0
34,25339.17,17221.39,5409.47,6.8,0,4,5.5,0.6796,0
32,14253.07,5699.2,11155.87,3.0,3,9,8.6,0.3999,0
61,59374.73,18409.32,14916.25,7.6,1,7,5.1,0.3101,0
44,46832.55,22969.39,9385.28,12.1,3,0,1.8,0.4905,0
24,20343.78,910.84,14481.25,7.3,2,6,7.5,0.0448,0
51,26287.68,10650.95,11497.04,7.9,4,3,7.0,0.4052,0
65,27445.15,19121.38,4361.3,1.8,0,7,8.5,0.6967,0
52,14916.29,2547.24,15447.19,11.7,1,3,1.0,0.1708,0
21,22234.28,7584.38,4616.16,2.5,3,4,10.5,0.3411,0
34,18392.57,13823.57,15252.4,5.6,0,4,14.6,0.7516,0
55,28353.69,9721.09,40107.1,9.5,3,3,3.3,0.3429,0
31,23313.35,6683.8,10669.89,4.9,0,4,17.9,0.2867,0
45,13681.46,4821.75,5233.38,5.6,0,4,3.0,0.3524,0
49,122217.09,50788.8,12069.17,9.3,2,1,8.5,0.4156,0
28,76997.21,38929.26,6866.59,9.7,2,8,2.3,0.5056,0
39,22756.1,14576.52,21495.68,8.3,0,4,20.5,0.6406,0
18,42764.04,15466.97,11868.1,1.6,2,9,6.0,0.3617,0
27,46652.37,30509.94,52460.23,2.1,0,1,12.3,0.654,1
36,74209.8,31685.84,33873.62,13.6,1,5,7.3,0.427,0
25,22221.98,6017.37,11819.85,6.4,2,6,11.3,0.2708,1
59,69930.98,36808.92,23682.4,27.2,2,3,14.4,0.5264,0
22,26140.91,15009.53,9753.79,9.3,4,6,9.0,0.5742,0
34,16292.86,7273.77,13727.63,22.1,2,3,10.7,0.4464,0
41,56077.05,2539.84,10005.12,7.2,1,7,22.6,0.0453,0
57,78783.2,10707.13,24665.6,5.9,0,4,5.5,0.1359,0
22,171569.79,39158.78,42040.58,11.8,3,2,30.6,0.2282,0
53,17679.57,3997.36,25309.08,15.2,1,2,4.2,0.2261,0
40,55234.98,29757.11,27932.59,7.2,4,5,6.1,0.5387,0
28,28399.29,416.87,27957.11,11.5,3,4,15.3,0.0147,0
45,58105.48,35127.4,20764.6,2.5,4,4,12.7,0.6045,0
42,15028.54,3190.17,5369.93,4.6,2,3,9.6,0.2123,0
32,17023.3,4222.08,52092.55,10.3,1,5,9.6,0.248,0
40,22799.07,9628.68,56586.67,6.5,0,4,5.0,0.4223,1
35,38077.48,6577.52,11079.99,9.5,1,6,11.7,0.1727,1
41,24719.59,17491.01,9931.25,10.4,1,7,5.9,0.7076,0
47,53929.48,3683.12,21805.76,11.4,3,4,7.7,0.0683,0
59,67247.61,23906.92,20757.24,13.5,2,4,14.2,0.3555,0
25,52038.89,35362.39,11366.7,13.6,1,2,13.2,0.6795,0
65,95920.27,47257.53,4914.67,3.9,1,6,20.9,0.4927,0
18,46606.53,10899.57,17061.18,7.3,0,3,9.7,0.2339,0
38,17498.35,5890.09,20767.6,7.2,4,2,7.4,0.3366,0
47,82291.73,46524.08,23876.67,7.8,3,2,0.6,0.5654,0
43,25258.2,19666.25,17666.65,6.8,1,0,10.0,0.7786,0
32,62708.43,44805.86,10754.8,8.1,4,3,1.9,0.7145,0
37,93362.08,25576.19,29590.29,5.5,0,5,9.8,0.2739,0
34,47763.3,38141.78,14082.37,13.0,2,2,2.6,0.7986,0
32,14798.85,41.49,9210.15,10.4,0,7,5.6,0.0028,0
50,20932.8,462.69,11561.98,5.4,2,2,3.7,0.0221,0
44,80309.78,52929.96,3305.11,8.2,0,8,5.3,0.6591,0
31,32811.24,5235.69,11547.3,20.9,1,5,4.9,0.1596,0
50,38091.41,1851.83,23173.14,4.1,2,5,13.2,0.0486,0
43,57256.4,10862.6,17532.76,4.7,3,1,4.3,0.1897,0
49,55148.99,18799.19,45095.21,13.3,1,2,0.5,0.3409,0
47,42928.01,25089.4,10825.07,18.4,3,2,5.7,0.5845,0
30,32041.88,16003.91,19729.11,9.7,3,3,9.8,0.4995,0
33,30103.57,5722.6,25189.74,8.5,3,3,11.9,0.1901,0
48,60763.18,24464.25,87054.15,3.6,3,4,15.3,0.4026,1
47,50622.01,37509.46,15000.1,6.1,0,6,8.2,0.741,0
39,31120.44,20290.72,5794.42,5.9,0,3,6.6,0.652,0
41,69512.88,17972.68,26326.81,6.2,2,4,5.6,0.2586,0
55,33610.02,26411.15,59431.63,5.0,2,4,7.7,0.7858,1
32,21785.56,12350.15,10321.26,3.4,3,6,5.6,0.5669,0
46,23031.49,1150.64,26182.99,,0,5,18.2,0.05,0
37,20186.22,567.81,35702.73,10.1,1,3,6.8,0.0281,0
37,30839.57,4154.9,30141.33,3.5,1,5,12.6,0.1347,1
53,76132.81,44330.97,14771.38,8.3,0,1,14.8,0.5823,1
49,22402.84,3293.02,7640.52,6.7,0,3,14.2,0.147,0
49,40663.47,16639.06,12518.67,19.6,3,5,11.8,0.4092,0
55,24489.17,1827.09,19281.1,16.0,2,6,9.2,0.0746,0
40,31064.3,22885.35,27627.81,19.6,1,9,2.2,0.7367,0
48,14676.1,4038.4,17451.07,6.1,0,7,17.8,0.2752,0
36,31814.49,23113.41,9858.35,2.3,2,4,6.6,0.7265,0
43,32330.84,24438.9,20833.21,3.9,2,7,9.9,0.7559,0
38,50220.21,246.23,26584.09,6.1,2,3,9.9,0.0049,0
41,41521.58,15417.3,18100.38,7.0,2,4,7.2,0.3713,0
47,17693.71,349.01,6843.47,19.8,1,3,8.2,0.0197,0
30,,50595.97,11555.02,,0,1,8.2,0.727,0
65,41199.52,17086.51,28517.03,10.1,0,3,8.8,0.4147,0
27,40906.17,2452.54,4418.63,16.1,4,4,6.1,0.06,0
25,36115.98,3186.2,2503.53,11.1,1,2,,0.0882,0
53,26618.07,8166.62,44643.6,12.5,1,4,5.4,0.3068,1
49,41385.32,31129.51,20113.21,6.7,3,4,11.1,0.7522,0
47,48308.03,26778.46,21706.87,3.0,3,1,2.5,0.5543,0
47,12731.86,8837.12,5645.12,2.6,4,6,7.1,0.6941,0
39,26284.73,7705.77,24101.33,2.6,2,4,7.3,0.2932,0
29,31164.4,1077.38,16650.56,11.7,0,5,12.8,0.0346,0
40,42349.1,33009.18,3761.37,4.8,1,3,7.3,0.7795,1
31,74308.94,1020.89,41748.83,6.7,1,1,3.1,0.0137,0
51,22855.69,17327.39,15168.05,3.2,1,7,5.0,0.7581,0
38,26936.11,7944.59,9731.59,14.9,0,5,8.2,0.2949,0
30,26701.62,215.54,9873.49,8.0,1,4,9.8,0.0081,0
36,22450.84,12377.73,2664.64,9.3,0,2,13.1,0.5513,0
44,29486.51,23130.17,21475.53,9.8,2,4,6.5,0.7844,0
33,57669.36,44549.61,16473.13,10.5,1,3,9.5,0.7725,0
30,19296.88,2484.47,11438.45,15.4,1,5,6.5,0.1287,0
42,46942.97,6806.65,37152.57,12.0,3,4,4.0,0.145,0
42,13080.25,5917.91,4415.66,4.2,1,3,14.1,0.4524,0
33,25931.07,13220.8,8288.15,4.7,0,3,15.9,0.5098,0
34,29801.27,17628.47,6768.22,30.9,2,5,5.7,0.5915,0
42,99202.23,14368.48,10688.93,13.8,1,3,10.5,0.1448,0
22,30795.34,23626.36,14100.65,25.2,3,2,12.4,0.7672,0
23,9693.92,4953.51,18845.15,,0,5,3.4,0.511,0
31,10945.31,7416.95,10121.54,18.4,0,6,12.9,0.6776,0
37,37064.61,16013.86,6621.75,10.7,4,4,,0.4321,0
43,52483.94,17394.3,51472.63,9.6,1,2,4.8,0.3314,1
57,45491.17,35562.55,91978.69,,0,5,2.3,0.7817,1
50,40156.6,18700.81,14982.37,12.8,1,3,7.0,0.4657,0
38,72937.32,50581.95,7292.31,11.0,2,3,13.1,0.6935,0
39,26271.64,20035.64,43493.35,7.2,0,3,17.7,0.7626,0
27,62127.64,33566.55,4198.97,5.6,1,4,7.1,0.5403,0
39,13640.4,5990.19,10220.81,7.4,1,2,11.5,0.4392,0
36,21100.06,59.26,7654.94,8.1,1,6,5.7,0.0028,0
43,12280.59,393.17,5283.65,6.3,2,3,10.3,0.032,0
30,30794.54,4948.1,10678.42,4.5,3,4,4.4,0.1607,0
46,35321.36,5256.06,6691.96,8.4,2,3,18.5,0.1488,0
58,38888.77,7925.8,13495.66,10.3,0,4,6.5,0.2038,0
38,37689.24,9194.2,13653.37,9.5,0,5,4.9,0.2439,0
44,20815.81,5996.04,8126.9,3.8,1,5,5.7,0.2881,0
48,32398.11,10899.7,9932.72,,1,3,20.2,0.3364,0
35,14787.42,1169.58,11106.89,22.2,3,1,11.2,0.0791,0
42,82284.45,2788.58,25536.83,11.6,0,1,14.5,0.0339,1
40,30267.33,16318.8,11863.91,13.0,1,3,6.1,0.5392,0
41,27083.18,11642.19,25842.13,9.3,1,3,3.6,0.4299,0
30,94217.78,33477.02,21346.66,9.9,0,3,2.0,0.3553,0
40,17234.22,8747.26,21104.14,2.4,1,5,3.3,0.5076,0
45,18483.76,12238.9,40549.42,7.6,3,9,15.0,0.6621,0
57,18812.33,6436.72,5456.09,7.7,0,2,12.1,0.3422,0
51,34866.34,17882.79,9149.49,21.8,1,3,15.3,0.5129,0
65,47050.6,35892.92,54755.83,6.8,2,6,7.7,0.7629,1
30,56602.32,38019.76,10874.18,19.3,3,4,12.4,0.6717,0
50,169939.4,57915.46,1405.15,8.2,3,5,8.8,0.3408,0
42,9417.65,4857.37,11357.41,6.2,0,3,11.0,0.5158,1
66,52325.62,7412.28,14882.65,2.6,0,5,5.1,0.1417,0
30,25996.62,11657.35,1646.34,9.8,0,1,8.5,0.4484,0
29,25543.83,20053.51,38837.77,5.0,0,5,11.7,0.7851,1
32,25037.67,10381.92,7547.94,2.8,0,4,17.2,0.4147,0
18,21051.73,15622.71,17376.09,11.6,1,3,18.5,0.7421,0
33,99779.19,32514.84,11150.22,10.1,3,2,6.5,0.3259,0
30,,48102.0,4766.27,10.6,1,2,9.1,0.7991,0
41,36824.46,17063.57,5673.68,8.2,2,3,9.4,0.4634,0
44,81683.68,2762.15,6322.9,5.3,3,8,6.9,0.0338,0
62,14654.21,6878.74,31841.88,4.1,2,4,12.5,0.4694,0
51,16343.36,3589.95,11872.37,18.0,1,4,4.6,0.2197,0
33,9830.25,255.44,8800.01,12.1,0,5,11.4,0.026,0
29,23869.37,15674.6,6325.3,13.9,0,4,11.0,0.6567,0
45,40015.38,8826.74,34784.26,7.4,1,4,2.8,0.2206,0
24,38627.32,24614.83,43103.57,4.9,1,7,3.8,0.6372,0
61,39719.8,9158.36,34468.29,4.5,2,4,9.4,0.2306,0
54,15574.12,2421.17,19810.15,8.5,2,6,10.3,0.1555,0
34,58799.75,45813.73,16845.92,5.0,1,1,7.0,0.7791,0
19,41930.82,12131.27,5050.54,2.3,1,1,14.8,0.2893,0
56,56377.9,27123.46,10974.66,11.2,3,2,6.9,0.4811,0
38,11664.94,5692.32,7730.37,13.9,2,5,11.2,0.488,0
54,43778.34,19629.28,3101.34,5.8,0,2,2.1,0.4484,0
20,17806.89,13030.31,31120.89,2.7,3,5,4.9,0.7318,1
32,,15438.06,7656.7,9.0,1,3,7.4,0.5396,0
40,50042.05,16162.9,34778.46,7.4,2,6,14.7,0.323,0
40,38355.61,26461.7,27048.78,6.4,1,5,5.3,0.6899,0
34,21787.16,3155.88,20855.53,10.5,1,0,8.6,0.1449,0
47,36452.45,15871.01,21814.0,8.7,2,2,3.1,0.4354,0
27,14488.04,11017.29,8166.12,10.2,1,3,8.7,0.7604,0
38,72414.4,36230.24,59058.29,8.5,1,4,6.8,0.5003,0
41,32107.01,20984.33,13828.69,5.0,2,7,8.5,0.6536,0
46,71049.35,37148.05,17009.81,4.8,1,2,5.9,0.5228,0
48,26478.3,17780.09,7948.5,8.2,1,4,8.2,0.6715,0
26,26525.3,20042.26,6342.75,13.4,2,3,7.1,0.7556,0
21,22959.52,5012.92,19571.64,8.6,2,5,18.2,0.2183,0
55,61433.12,8338.25,15898.99,5.4,0,1,6.8,0.1357,0
43,23726.34,9186.66,7104.74,8.9,1,5,9.0,0.3872,0
31,53463.65,30019.3,4227.05,9.2,2,4,7.8,0.5615,0
58,28869.14,5247.05,4837.06,5.0,1,6,0.8,0.1818,0
41,11096.91,36.41,34783.8,22.0,0,4,12.3,0.0033,0
54,25791.79,7075.93,8179.59,13.0,2,4,9.1,0.2743,0
40,17899.63,13873.78,10187.06,7.5,0,4,7.3,0.7751,0
64,37061.78,20605.38,42628.24,21.1,0,6,14.9,0.556,0
61,17778.68,5708.03,5444.06,9.9,1,4,9.1,0.3211,0
37,63296.48,9751.51,7468.16,9.4,3,6,8.8,0.1541,0
51,34384.27,9795.11,7222.72,17.0,0,5,7.9,0.2849,0
47,32644.85,4435.51,48749.72,13.1,0,5,5.9,0.1359,0
56,53827.26,4577.72,65821.83,10.7,2,3,12.6,0.085,1
28,64753.57,46971.84,24373.47,6.3,0,5,15.9,0.7254,0
48,35880.19,28636.71,25001.92,8.1,3,5,8.2,0.7981,1
52,22863.11,3001.73,8397.72,7.4,2,6,8.4,0.1313,1
18,12526.71,546.39,63440.82,5.4,1,6,6.4,0.0436,1
25,24061.54,6347.07,16550.26,26.0,1,3,1.0,0.2638,0
18,25076.15,9261.31,26436.16,13.1,2,2,12.2,0.3693,0
36,38724.76,6345.32,12278.19,7.2,1,7,13.0,0.1639,0
48,29522.62,7119.08,10781.36,10.1,0,2,3.4,0.2411,0
58,54872.07,8817.75,50535.62,7.4,1,2,1.8,0.1607,1
40,25139.86,15571.84,20573.91,4.9,0,7,10.7,0.6194,0
59,35093.64,20005.56,42663.56,2.2,1,9,10.1,0.5701,0
23,73894.41,37535.49,16387.31,10.6,4,2,4.2,0.508,0
19,44582.43,13810.49,6777.11,8.3,2,4,7.3,0.3098,0
39,35030.61,25475.41,8377.67,15.2,1,6,7.7,0.7272,1
44,25306.92,19628.71,14506.79,5.8,1,3,7.6,0.7756,0
39,24836.29,3450.05,8093.36,15.2,2,4,7.7,0.1389,0
18,21799.28,3889.21,5508.41,16.1,3,3,11.4,0.1784,0
38,26249.33,11037.97,34931.13,2.9,1,6,11.6,0.4205,0
24,57147.99,4171.83,8639.53,14.0,1,3,6.1,0.073,0
48,31788.73,11099.31,14921.44,12.7,1,2,14.7,0.3492,0
44,16157.44,7520.21,16931.09,7.8,1,7,9.9,0.4654,0
28,104914.56,43818.5,8345.5,15.0,2,3,18.3,0.4177,0
33,44001.5,11648.38,42643.9,13.7,0,1,10.3,0.2647,0
27,15612.61,6775.2,5465.91,8.8,3,2,5.1,0.434,0
39,27858.42,21368.54,16470.07,2.8,0,3,10.2,0.767,1
51,38813.83,6397.06,16267.01,7.0,2,0,7.7,0.1648,0
28,100987.83,52904.0,12792.27,14.1,1,3,15.2,0.5239,1
46,18678.58,648.47,4733.74,9.8,2,8,,0.0347,0
33,65226.72,3465.7,26813.32,6.2,0,4,5.6,0.0531,0
30,84094.11,37124.4,24216.96,8.4,2,5,4.7,0.4415,0
38,,2090.77,7781.82,8.8,4,3,12.1,0.084,0
27,30745.28,549.65,23529.02,4.8,2,4,10.1,0.0179,0
33,19500.87,2675.72,18032.41,6.1,2,2,6.1,0.1372,1
25,32142.14,14524.37,4795.87,24.9,1,1,4.6,0.4519,0
63,35526.92,19990.03,6747.02,1.1,2,2,6.2,0.5627,0
40,53948.76,8738.77,33210.63,8.4,3,2,8.2,0.162,1
31,69850.33,37342.51,17111.96,,2,3,12.2,0.5346,0
42,23182.25,3384.17,8506.26,8.3,5,4,8.2,0.146,0
38,11154.57,5474.28,6722.53,5.7,0,3,7.2,0.4908,0
37,35855.53,11816.83,8845.68,6.7,0,6,19.6,0.3296,0
47,43309.29,22652.47,9362.02,21.5,0,3,11.6,0.523,0
49,42177.86,33575.36,6790.16,11.9,0,3,13.5,0.796,0
33,29851.67,22396.32,3316.25,11.5,1,4,3.5,0.7503,0
33,39138.08,134.06,33256.67,7.8,4,3,6.2,0.0034,1
36,90153.3,63860.18,29042.25,9.5,1,8,11.5,0.7084,0
18,45662.86,2428.93,4824.18,4.3,2,7,8.9,0.0532,0
21,29026.92,22131.21,14898.99,22.2,1,3,4.2,0.7624,0
56,26899.99,6064.89,6491.24,12.4,2,4,5.0,0.2255,0
59,32796.88,10023.64,10837.27,8.3,1,6,10.1,0.3056,0
37,96959.05,7108.12,10139.43,9.1,2,7,2.8,0.0733,0
46,32533.3,2922.08,9487.52,,0,7,10.2,0.0898,0
43,35886.75,20864.29,66327.35,4.3,1,10,9.9,0.5814,1
76,27190.2,20541.27,9393.18,6.9,2,3,1.5,0.7555,0
53,70220.11,34309.46,6998.06,4.4,0,5,4.1,0.4886,0
38,117700.95,67404.98,7258.55,12.3,2,3,7.1,0.5727,0
28,47589.52,29009.42,30792.35,3.4,1,3,11.0,0.6096,0
20,38164.6,8024.16,3562.86,4.6,2,1,6.7,0.2103,0
42,37125.88,1343.35,7258.31,13.2,0,2,3.5,0.0362,0
30,8685.55,13.01,42508.45,9.5,2,4,9.0,0.0015,0
22,56788.58,15930.3,16239.29,20.1,1,5,2.6,0.2805,0
32,39359.78,7603.18,15576.8,6.8,2,5,5.0,0.1932,0
27,46957.83,2341.04,73549.74,7.6,1,4,6.5,0.0499,1
60,23697.45,3403.49,16270.0,17.8,0,2,9.2,0.1436,0
50,28834.44,2871.88,7581.38,15.3,1,2,3.4,0.0996,0
39,28378.44,20770.26,10660.9,13.4,0,5,6.1,0.7319,0
57,67035.24,7522.28,5386.52,5.2,1,0,4.7,0.1122,0
40,28933.17,12444.7,36488.4,5.4,1,6,4.4,0.4301,1
29,126702.39,60118.35,21155.38,7.9,1,4,6.4,0.4745,0
58,47028.89,20447.76,32844.23,7.8,1,4,7.4,0.4348,0
46,16891.92,1338.6,35255.86,5.2,0,2,5.4,0.0792,0
27,33619.86,8574.37,9591.49,6.7,2,3,10.7,0.255,0
37,24562.96,1007.48,6274.18,8.1,1,1,6.6,0.041,0
29,9733.91,3081.13,12818.31,14.8,1,1,18.5,0.3165,1
23,94814.97,14305.6,6646.14,17.1,3,5,5.4,0.1509,0
51,55375.11,24880.37,15244.37,12.1,2,4,10.6,0.4493,0
62,50007.31,27716.39,33046.72,3.1,1,5,1.2,0.5542,1
23,40104.43,17072.29,11678.31,15.9,0,4,3.3,0.4257,0
46,15847.86,5505.38,15062.99,12.1,2,4,14.4,0.3474,0
32,27168.94,8418.75,12393.45,13.6,2,4,9.3,0.3099,0
34,60178.38,40521.32,25391.81,5.4,2,6,5.4,0.6734,0
32,19327.19,3391.81,7830.44,18.2,1,7,11.8,0.1755,0
29,7950.09,4669.68,2305.02,7.4,3,1,11.1,0.5874,0
40,31689.36,19203.3,19471.27,5.2,1,1,10.2,0.606,0
30,33354.42,11185.74,29444.65,12.7,2,6,8.7,0.3354,0
43,39392.79,9369.2,19093.43,8.0,0,3,10.0,0.2378,0
39,56224.69,21164.84,8004.95,11.9,3,3,9.1,0.3764,0
37,53239.9,3970.16,5388.33,6.6,1,2,12.3,0.0746,0
29,42415.19,1558.5,19842.83,4.1,2,5,4.2,0.0367,0
33,74408.01,6643.34,14960.72,6.5,0,1,13.7,0.0893,0
49,14597.68,2185.51,12080.72,3.5,1,8,2.5,0.1497,0
46,49155.75,19826.55,57409.82,12.1,0,5,9.8,0.4033,0
28,52887.54,35927.0,6263.91,1.3,1,1,5.5,0.6793,1
41,17262.0,3254.13,55272.44,15.3,0,4,7.4,0.1885,0
49,14739.37,11026.96,13703.78,3.7,0,2,8.3,0.7481,0
19,23212.23,17732.43,3076.49,14.3,1,3,17.6,0.7639,0
46,24417.98,18731.61,11575.41,11.3,0,4,3.3,0.7671,0
32,57071.02,38240.45,28784.63,1.9,2,10,8.7,0.6701,0
46,25116.41,7310.38,9976.18,9.3,3,5,19.6,0.2911,0
30,21724.39,1263.21,4105.89,3.4,4,5,6.0,0.0581,0
18,25160.23,11449.29,11712.22,9.3,1,8,4.8,0.4551,0
20,71052.86,31756.73,6729.54,5.5,2,4,21.4,0.4469,0
40,36600.82,24887.85,19800.28,2.0,0,3,0.7,0.68,0
43,32612.45,25985.37,24803.0,11.0,0,8,7.2,0.7968,0
29,33995.95,13820.23,5738.68,7.8,2,5,10.4,0.4065,0
47,78844.77,21774.03,7595.85,8.3,1,3,6.4,0.2762,0
20,23167.3,3445.47,24472.71,2.2,0,4,14.0,0.1487,0
39,79961.85,307.04,6720.55,2.1,1,7,11.2,0.0038,0
25,41204.3,16782.14,5621.05,6.9,2,4,13.0,0.4073,0
32,32983.03,14658.15,5203.29,14.0,1,3,2.6,0.4444,0
40,162842.75,107468.2,17705.51,12.2,0,3,20.5,0.66,0
29,19276.0,7780.98,17108.42,10.8,0,5,14.0,0.4037,0
35,29371.75,21534.62,7729.22,16.5,2,3,5.7,0.7332,0
52,17336.01,8710.77,13414.19,5.7,2,9,10.5,0.5025,0
33,64310.43,43233.91,45329.16,11.1,2,1,6.6,0.6723,0
50,100058.81,11871.12,6128.79,2.7,1,5,6.1,0.1186,0
26,98908.82,67680.23,2803.45,25.8,3,6,5.4,0.6843,0
46,75687.57,40880.0,19226.8,,1,6,5.6,0.5401,0
57,32254.98,4392.69,12230.39,10.6,0,4,1.6,0.1362,0
18,29168.81,4428.14,7570.24,19.9,1,4,5.0,0.1518,0
30,13323.68,9875.52,22508.86,6.5,0,4,10.3,0.7412,0
46,123195.05,3175.02,26144.13,10.5,2,9,8.0,0.0258,0
37,48116.81,17804.56,2283.3,,2,4,26.3,0.37,0
44,27033.33,6779.42,7926.14,6.3,2,5,6.7,0.2508,0
32,80566.17,42866.19,85307.1,,1,4,12.4,0.5321,1
41,20258.73,13607.86,21305.57,3.6,6,3,27.2,0.6717,0
38,46349.84,13362.77,22945.63,0.8,1,2,6.9,0.2883,0
54,32742.28,11182.2,34143.09,,1,3,8.8,0.3415,0
43,53274.14,41848.66,13543.41,5.2,0,5,15.8,0.7855,0
44,34956.37,21922.3,25269.35,4.9,1,7,12.6,0.6271,0
35,15205.97,10914.29,23728.92,11.6,0,6,6.3,0.7178,0
34,38000.17,13338.43,20562.68,8.8,5,8,15.4,0.351,0
34,68139.92,12759.95,10325.69,14.6,0,4,4.7,0.1873,0
44,35684.44,11757.69,15331.23,6.3,2,4,6.4,0.3295,0
34,57818.79,33122.85,8344.11,3.8,1,8,13.5,0.5729,0
43,19393.29,1697.77,13497.39,11.7,1,1,2.5,0.0875,0
64,35747.78,7734.94,5245.93,12.0,1,1,4.2,0.2164,0
50,24966.59,931.47,7097.52,9.7,1,13,7.3,0.0373,0
36,56850.97,19663.51,10658.9,4.8,2,7,10.2,0.3459,0
54,37008.21,24497.83,6279.44,8.4,3,4,17.2,0.662,0
35,54942.6,1084.07,8919.42,3.7,1,6,4.3,0.0197,0
18,69746.76,37681.3,11717.74,5.1,0,8,9.3,0.5403,0
27,54993.55,41025.01,18431.38,15.7,1,5,12.3,0.746,0
18,42781.93,8108.98,28549.82,5.9,2,4,5.7,0.1895,0
35,19951.76,11071.39,9218.55,13.6,1,3,0.7,0.5549,0
40,36254.85,28281.74,38874.11,10.1,4,1,5.0,0.7801,0
60,26374.31,20303.54,28307.69,19.7,1,2,5.5,0.7698,1
43,29541.8,5552.18,19995.75,9.8,1,2,6.4,0.1879,0
37,29006.62,2328.21,15107.09,9.5,1,4,4.9,0.0803,0
49,20171.88,2392.91,17245.33,2.7,2,7,6.3,0.1186,0
18,11221.61,6302.38,34531.97,5.2,2,4,7.3,0.5616,0
42,,14121.21,35555.98,6.9,2,6,13.9,0.5806,0
49,40783.29,21998.07,38869.2,24.0,3,5,15.3,0.5394,0
22,16172.92,4348.3,13808.8,5.5,1,1,2.9,0.2689,0
53,36658.82,4979.06,20826.34,3.9,3,1,14.9,0.1358,0
44,113568.45,52764.91,39137.53,3.1,0,6,7.1,0.4646,0
35,67092.93,25961.23,8111.41,2.6,1,3,8.2,0.3869,0
47,97355.54,56764.83,10355.43,24.5,1,7,8.7,0.5831,0
67,45920.95,16214.14,13532.23,9.0,0,3,2.5,0.3531,0
42,73167.45,19821.92,27437.86,4.2,3,6,5.7,0.2709,0
42,23520.35,5522.18,27781.84,16.8,2,2,5.1,0.2348,0
34,24671.3,4173.8,11106.75,21.1,3,3,13.0,0.1692,0
29,7019.98,1492.43,3996.25,4.4,2,3,5.4,0.2126,0
49,73990.15,5613.21,16267.87,6.1,3,4,8.7,0.0759,0
29,91509.16,25392.47,6408.29,15.3,2,1,13.0,0.2775,0
40,26058.35,762.36,4056.4,12.1,2,7,6.2,0.0293,0
34,31183.02,4650.36,4860.53,7.3,0,3,14.8,0.1491,0
45,23102.19,13801.63,17345.78,15.6,0,6,1.9,0.5974,0
44,45688.05,11896.03,39689.02,2.6,1,4,3.5,0.2604,0
52,71321.96,38127.98,13781.96,3.8,0,3,5.2,0.5346,0
33,12763.4,7319.9,15821.18,5.0,4,5,4.1,0.5735,0
36,46428.24,21586.73,34417.35,4.6,0,6,11.2,0.4649,0
28,30760.82,23592.26,3883.28,1.5,0,4,2.5,0.767,0
34,38872.28,666.73,20254.68,6.4,2,6,10.2,0.0172,0
44,47829.43,28263.47,13236.43,11.2,1,3,4.4,0.5909,0
49,32437.76,24880.71,21011.94,13.1,2,5,1.5,0.767,0
28,34127.13,23541.49,9074.4,12.5,4,2,2.9,0.6898,0
50,31941.93,4290.25,6944.12,14.8,2,2,6.1,0.1343,0
56,65003.07,16995.46,14949.11,10.4,5,4,10.7,0.2615,0
44,46688.63,6441.23,49978.74,5.7,0,7,3.4,0.138,0
62,41454.43,19941.52,26601.64,2.2,2,1,6.5,0.481,1
30,16939.93,9651.53,8900.35,2.1,1,6,22.0,0.5698,0
25,28936.3,7339.95,4569.79,8.7,2,3,4.6,0.2537,0
18,62267.91,26875.16,3478.46,4.4,2,7,4.8,0.4316,0
57,37146.24,20532.08,38287.53,8.4,2,2,2.3,0.5527,0
47,53944.92,18183.31,6222.54,3.5,1,3,2.2,0.3371,0
39,104810.27,71607.68,10296.81,16.4,1,5,4.9,0.6832,0
43,67721.82,41800.61,38444.42,6.5,0,4,,0.6172,0
26,38403.16,1986.69,3673.42,6.8,2,6,,0.0517,1
69,26726.38,13280.34,44082.21,7.2,0,4,6.3,0.4969,1
41,7846.87,1477.26,10906.21,0.5,1,6,5.5,0.1883,0
41,32825.77,14640.77,5330.14,15.4,2,5,2.5,0.446,0
48,29863.51,22860.84,10961.22,3.8,2,2,7.7,0.7655,0
45,45899.97,32279.14,7494.48,7.3,2,6,10.6,0.7032,0
42,33112.19,10715.54,19008.77,8.3,1,1,9.0,0.3236,0
30,29964.51,6988.06,7954.51,4.7,1,3,7.9,0.2332,0
45,12485.97,2341.43,2894.84,11.3,3,2,5.8,0.1875,0
62,20661.33,8801.97,11198.67,14.4,2,6,7.0,0.426,0
56,48338.84,4418.11,4513.21,2.1,2,7,6.6,0.0914,0
59,101675.8,44678.38,15732.06,12.0,1,5,15.4,0.4394,0
33,34251.47,36.54,5168.28,,1,2,7.3,0.0011,0
28,44209.13,11453.69,9041.58,4.7,0,4,11.6,0.2591,0
38,64311.06,11315.37,15460.91,5.6,2,4,9.3,0.1759,0
40,,17345.99,11271.5,5.7,4,8,4.8,0.777,0
53,,26329.6,16323.23,15.8,5,4,3.7,0.5818,0
19,23288.29,6514.26,23022.56,6.0,1,6,23.2,0.2797,0
58,61016.2,4532.04,5290.42,6.0,0,4,6.0,0.0743,0
38,39768.95,16442.09,12688.89,3.2,1,1,5.1,0.4134,0
34,43437.18,7417.26,931.13,9.5,0,4,9.0,0.1708,0
27,22707.28,9744.68,16282.83,7.0,6,2,1.6,0.4291,0
20,55504.5,37093.1,10502.29,10.6,1,5,4.1,0.6683,0
49,126858.52,62494.83,6082.92,3.1,3,6,3.1,0.4926,0
40,19835.98,10057.45,17198.47,19.9,2,3,7.7,0.507,0
24,29618.21,12819.48,34137.71,12.5,0,3,3.5,0.4328,0
24,41729.54,30955.49,9128.77,40.0,0,7,8.5,0.7418,0
35,58211.82,43398.2,6273.87,8.2,0,2,2.7,0.7455,0
60,25958.96,10647.81,15245.2,13.9,1,6,17.9,0.4102,0
36,6635.45,1623.08,4589.45,20.2,2,10,13.7,0.2446,0
21,82085.26,30180.26,7876.94,9.7,1,5,12.4,0.3677,0
37,57314.2,8553.93,35522.51,7.1,2,3,14.4,0.1492,0
36,12762.05,6496.85,14041.09,5.9,1,8,4.6,0.5091,0
18,25221.67,10090.53,2970.32,6.6,3,5,11.1,0.4001,0
39,93051.6,7689.82,3172.92,8.9,0,6,4.1,0.0826,0
37,86567.34,13687.87,15209.39,6.9,0,1,3.5,0.1581,0
48,63779.3,24472.47,26633.16,11.9,0,4,,0.3837,1
62,32673.92,23200.81,3662.51,17.3,0,4,8.0,0.7101,0
53,38169.52,17295.09,19144.49,3.6,0,5,16.4,0.4531,0
36,33571.89,18304.33,38726.32,3.6,1,4,8.9,0.5452,0
26,71463.63,19382.57,60493.26,6.0,2,4,10.1,0.2712,1
70,21471.77,9815.37,17413.1,,1,0,10.0,0.4571,0
40,22393.37,8014.67,20039.13,19.1,3,3,4.5,0.3579,0
40,66580.35,35108.08,2424.67,14.8,2,6,19.5,0.5273,0
39,35361.65,1430.75,71668.17,7.1,0,2,2.6,0.0405,1
42,83040.23,32771.01,8430.47,7.5,3,2,4.3,0.3946,0
38,,5747.55,6331.06,9.8,1,5,17.2,0.2368,0
33,35141.32,9170.06,10892.56,4.8,2,6,12.9,0.2609,0
33,20880.11,16051.25,44772.02,6.4,0,1,6.8,0.7687,1
39,36476.29,5331.22,78154.02,5.0,1,3,12.4,0.1462,1
33,14956.06,3724.0,14769.61,8.3,0,3,12.1,0.249,0
31,27103.55,11055.92,29687.08,8.4,1,2,10.8,0.4079,0
41,15340.44,10591.37,13829.55,7.4,3,12,6.3,0.6904,0
36,55069.65,18356.7,5824.12,14.0,2,7,23.7,0.3333,0
58,55823.69,33220.24,43538.24,7.4,3,3,8.5,0.5951,1
18,12859.55,8810.07,8121.73,7.7,1,3,3.4,0.6851,0
53,80848.43,20051.47,45634.74,2.8,0,6,5.4,0.248,1
54,162502.57,51058.33,37753.48,11.7,3,3,10.1,0.3142,0
18,37331.91,10648.74,21834.12,8.8,1,3,3.2,0.2852,0
35,24719.1,16469.96,57709.66,12.4,3,6,3.7,0.6663,1
35,197718.26,7014.55,79688.2,4.5,4,0,11.4,0.0355,1
23,16458.85,4061.01,11612.13,3.7,1,4,24.2,0.2467,0
30,36756.26,19978.01,6995.1,6.9,2,3,7.2,0.5435,0
26,40448.04,18296.87,3006.66,1.9,2,3,10.3,0.4524,0
61,81396.58,28409.97,80478.54,19.7,0,4,9.1,0.349,0
51,45064.2,19465.87,9398.02,6.7,0,2,5.6,0.432,0
55,26925.25,4256.01,33124.53,1.1,1,5,3.5,0.1581,1
48,20522.75,7071.59,7383.45,5.7,2,5,9.3,0.3446,0
26,29581.57,11872.93,45734.7,7.2,2,6,4.0,0.4014,0
33,19847.7,14309.23,7630.48,,1,3,9.5,0.721,0
45,37372.68,7798.49,5149.34,8.2,0,5,10.3,0.2087,0
25,25886.64,17972.13,11307.2,,4,4,6.5,0.6943,0
48,14817.69,7636.94,8730.51,9.9,3,2,5.3,0.5154,0
37,77117.65,1254.91,21526.5,8.2,0,3,15.1,0.0163,0
35,26940.78,15617.71,12821.57,7.0,2,8,7.4,0.5797,0
48,16968.57,482.61,22074.14,6.3,1,3,18.7,0.0284,0
45,32828.24,26193.81,10584.89,13.5,2,6,9.4,0.7979,0
35,37836.25,26413.84,7847.22,8.0,1,9,21.3,0.6981,0
53,12735.13,3029.37,8376.22,,0,2,5.4,0.2379,1
27,44311.02,9124.92,68593.36,15.3,1,6,4.6,0.2059,1
47,19374.35,5912.14,15996.68,12.6,1,5,9.9,0.3052,1
47,101378.6,28886.17,2732.55,9.9,2,4,9.9,0.2849,0
36,49730.63,14813.28,8811.67,5.1,1,1,12.5,0.2979,0
43,28568.5,7274.15,14436.18,6.6,0,2,7.1,0.2546,0
24,23223.02,11539.67,58472.96,7.5,2,5,8.0,0.4969,1
51,34098.86,4480.96,30423.15,3.2,4,8,6.3,0.1314,1
37,52453.09,35499.47,6390.87,5.8,2,7,7.8,0.6768,0
33,35764.23,23243.96,92474.17,8.2,3,5,4.6,0.6499,1
52,31879.06,12151.87,13030.81,11.2,1,2,7.2,0.3812,0
31,37609.88,25656.86,36209.03,10.9,1,3,1.9,0.6822,0
23,25277.87,4997.84,5302.82,2.3,3,6,9.7,0.1977,0
21,29557.02,415.35,1961.51,6.3,3,6,10.7,0.0141,0
47,10389.23,5146.47,4329.71,4.7,3,5,3.8,0.4954,0
24,65136.2,23861.18,992.01,2.0,3,6,9.6,0.3663,0
61,43446.2,19712.92,72379.0,7.3,2,3,13.2,0.4537,1
18,22832.19,16427.11,15861.12,5.8,1,3,10.7,0.7195,0
60,113464.01,88041.32,6375.93,8.0,3,6,2.3,0.7759,0
42,38261.9,19420.31,19189.13,11.0,4,4,7.6,0.5076,0
38,19502.81,11920.98,15544.58,9.9,5,4,6.9,0.6112,0
33,,4071.14,21954.92,21.3,2,7,3.9,0.067,0
44,46112.02,5928.74,35158.62,8.8,2,3,3.1,0.1286,0
39,46016.16,26991.42,10594.21,17.0,1,1,10.0,0.5866,0
53,28128.73,9707.01,6608.61,3.9,1,4,9.3,0.3451,0
41,47586.17,16977.42,25905.75,9.8,0,6,6.2,0.3568,0
41,31037.3,7662.68,25383.79,5.0,0,7,9.5,0.2469,0
35,50694.1,24631.51,14480.94,6.8,1,3,8.3,0.4859,0
39,,1715.37,76270.64,12.8,0,7,1.9,0.1481,1
43,27992.05,14038.94,9412.01,6.8,3,2,3.0,0.5015,0
19,102057.64,14190.0,6503.62,14.1,1,4,10.4,0.139,0
23,22919.87,1170.31,18666.26,5.1,4,5,6.2,0.0511,0
48,25278.18,6680.67,7785.74,3.8,4,6,13.2,0.2643,0
42,27756.44,5132.51,19859.01,9.1,1,4,9.6,0.1849,0
37,17520.31,12460.33,6860.9,9.3,1,4,3.3,0.7112,0
40,9653.07,424.38,9699.27,6.5,0,2,3.8,0.044,0
44,31623.26,4468.08,60637.71,11.4,4,1,3.5,0.1413,1
33,39399.79,17295.55,9657.89,1.8,2,6,14.7,0.439,0
30,35189.29,13542.73,7050.96,4.2,1,1,12.5,0.3849,0
42,33292.02,1221.21,34082.63,10.2,2,2,5.0,0.0367,0
28,37265.55,216.21,5762.73,6.9,1,6,15.4,0.0058,0
44,67084.27,53027.05,7674.4,5.3,4,4,16.1,0.7905,0
19,32394.12,17073.9,21189.24,8.7,2,1,21.3,0.5271,0
52,25733.54,7522.55,28303.17,13.5,1,4,17.0,0.2923,0
45,30678.73,11545.81,35467.82,9.8,0,5,18.2,0.3763,0
43,51411.03,10962.89,7348.29,12.3,3,9,5.4,0.2132,0
51,84729.25,23376.72,21521.48,10.1,4,4,12.8,0.2759,0
59,24912.22,12935.31,9201.42,15.5,0,1,8.5,0.5192,0
52,38536.47,27216.36,8229.46,5.8,2,5,7.8,0.7062,0
18,44489.77,6553.52,34981.35,14.0,3,5,5.5,0.1473,0
24,20019.32,13458.77,8607.22,2.5,0,4,3.6,0.6723,0
32,36763.11,3575.04,16689.98,3.5,0,6,6.7,0.0972,0
40,15072.03,2592.3,15130.44,11.3,1,5,5.0,0.172,0
46,12563.74,373.65,5672.56,3.4,0,5,8.7,0.0297,0
31,45254.07,5097.85,28936.94,6.5,1,8,11.9,0.1126,0
42,28844.52,21167.34,20915.06,15.4,6,1,,0.7338,1
30,41001.68,15070.21,2727.03,3.8,1,6,7.5,0.3676,0
32,35927.67,2232.28,16679.52,12.9,4,2,9.3,0.0621,0
23,20214.59,15520.39,7198.45,6.3,1,3,10.8,0.7678,0
28,35342.71,24852.78,32133.69,3.6,1,5,8.0,0.7032,0
23,17329.04,10462.34,4203.53,8.0,2,1,7.3,0.6037,0
28,83665.62,62479.66,10044.88,14.8,1,1,13.3,0.7468,0
52,16097.48,2834.82,17847.52,3.3,2,1,5.7,0.1761,0
28,32290.52,21605.44,13953.31,3.2,3,3,8.9,0.6691,0
71,19431.23,10725.9,24596.68,11.1,2,6,37.4,0.552,0
45,51136.44,35581.11,3965.01,5.6,1,6,9.5,0.6958,0
42,29766.57,18977.06,50087.74,21.5,1,9,,0.6375,0
29,26603.55,7374.4,20335.34,9.3,0,4,5.9,0.2772,0
48,60592.17,37537.99,39647.16,13.5,1,3,1.4,0.6195,0
33,36962.47,7760.83,26886.84,9.2,3,3,11.6,0.21,0
41,49512.81,13015.62,13236.21,3.3,2,2,1.8,0.2629,0
70,20154.93,1739.87,4782.13,4.4,2,5,1.3,0.0863,0
38,15632.54,11694.1,8511.36,4.8,2,3,10.6,0.7481,0
53,38728.26,9016.04,47650.61,10.4,2,4,3.6,0.2328,0
31,29992.19,12491.69,40471.38,7.8,1,1,6.6,0.4165,0
39,52884.25,16556.27,8138.17,2.1,0,3,12.7,0.3131,0
61,34615.43,26582.66,1401.58,11.6,0,3,7.4,0.7679,0
32,41070.49,11008.51,11269.42,23.7,1,3,16.1,0.268,0
61,13711.23,8539.86,10613.03,3.8,3,7,10.0,0.6228,0
48,112765.1,77168.87,10940.01,4.2,0,1,4.5,0.6843,1
33,32907.46,11467.76,20390.64,5.2,1,6,20.3,0.3485,0
47,55190.83,16697.29,26929.3,7.2,3,7,9.5,0.3025,0
51,21990.04,13154.37,29502.78,4.0,3,6,26.2,0.5982,0
47,43687.0,31905.35,19083.27,15.3,2,6,10.1,0.7303,0
21,16618.85,10036.88,3163.34,18.5,1,1,4.8,0.6039,0
31,47631.08,8654.62,10168.4,8.4,2,3,5.3,0.1817,0
37,29331.45,20844.28,84395.71,7.5,0,3,6.0,0.7106,1
39,36957.15,11459.13,18022.45,2.3,1,2,10.1,0.3101,0
47,55203.65,25447.97,17930.45,3.5,1,3,8.1,0.461,1
42,17334.88,11530.27,17811.31,1.5,0,3,2.4,0.6651,0
23,24084.05,3629.85,18625.81,5.3,2,5,14.7,0.1507,0
44,47781.54,29988.08,1985.27,6.0,2,4,4.6,0.6276,1
47,,60995.04,11030.07,11.0,0,2,20.1,0.4769,0
46,33428.05,23890.14,12960.81,8.5,0,4,21.2,0.7147,0
52,,7123.15,37242.14,4.6,0,4,8.1,0.1376,0
50,34057.89,11462.04,13879.09,11.3,2,5,9.0,0.3365,0
45,116465.15,77597.76,3578.83,25.9,2,3,13.0,0.6663,0
39,12729.37,195.85,18846.29,11.7,0,3,9.2,0.0154,0
20,38436.88,3450.14,7022.96,5.7,6,6,7.3,0.0898,0
45,13693.46,10851.41,5047.11,9.0,3,7,7.5,0.7925,1
42,8071.2,1810.49,6854.58,3.9,2,6,9.0,0.2243,0
43,43411.39,33879.75,20619.72,,0,6,2.9,0.7804,0
24,39485.89,5765.94,36570.93,19.3,1,5,5.1,0.146,0
27,30610.48,8842.62,19660.05,9.1,2,1,10.6,0.2889,0
52,34073.78,20522.49,22150.57,13.8,5,7,6.6,0.6023,0
39,233043.33,122632.7,19505.2,6.6,2,3,3.9,0.5262,1
48,31104.1,14460.23,14487.79,3.6,3,0,7.2,0.4649,0
40,,20907.49,23331.15,3.1,3,5,17.2,0.4239,0
40,24597.03,16596.9,1929.43,,1,1,20.4,0.6748,0
51,43353.36,8148.65,14601.37,9.8,5,6,17.8,0.188,0
33,31478.49,11142.65,5791.0,2.7,1,4,12.4,0.354,0
41,28387.07,3530.27,33871.26,8.0,1,2,12.7,0.1244,0
34,108157.0,51564.2,11876.01,10.6,2,1,4.9,0.4768,1
34,73593.43,14750.74,13694.62,3.5,1,6,5.9,0.2004,0
36,39420.77,10528.25,4007.58,25.8,1,5,3.6,0.2671,0
42,9113.14,3435.66,30135.67,12.8,2,5,13.1,0.377,0
34,29242.97,626.28,22067.53,7.2,1,5,10.2,0.0214,0
55,183839.16,13521.43,20859.37,4.8,4,2,8.2,0.0736,0
29,31621.83,17352.27,6971.47,9.3,0,1,11.1,0.5487,0
37,70398.73,24159.15,7194.62,9.1,2,4,2.1,0.3432,0
34,86263.81,59680.08,15976.59,8.1,1,1,1.7,0.6918,0
57,41414.17,23015.41,7664.86,9.5,2,9,3.8,0.5557,0
42,21914.57,142.02,18918.86,4.1,1,4,10.7,0.0065,0
52,8423.77,4156.03,2371.48,11.6,1,2,6.6,0.4934,0
22,54748.1,4105.01,9044.97,3.0,0,5,6.5,0.075,0
43,22273.35,13915.2,56241.08,3.0,0,3,5.1,0.6247,1
50,40363.87,32016.87,18988.5,1.7,1,3,12.4,0.7932,0
40,17156.08,7290.63,15266.79,10.9,1,7,6.2,0.425,0
52,30972.58,16917.95,65393.7,9.7,0,6,3.1,0.5462,1
33,37057.7,7035.45,2061.6,7.7,2,9,7.3,0.1899,0
56,42665.94,14936.42,6958.72,5.2,2,7,12.8,0.3501,0
67,18603.53,12741.12,9692.05,5.8,1,5,16.0,0.6849,0
35,74469.62,9974.34,26547.24,4.0,0,1,15.3,0.1339,0
34,25383.72,5392.23,26917.32,9.0,2,7,1.7,0.2124,0
57,13297.33,4738.46,6682.15,1.4,4,4,11.2,0.3563,0
58,34015.99,19382.28,29684.0,2.0,1,3,9.4,0.5698,0
33,37072.29,11147.9,9675.46,4.1,1,2,7.5,0.3007,0
34,39988.76,29679.09,35217.97,8.4,0,4,13.3,0.7422,0
36,82230.33,6213.79,5848.18,7.3,2,2,8.6,0.0756,0
23,31512.22,9347.89,12104.72,15.9,1,7,9.2,0.2966,0
28,33800.41,19170.35,9026.01,6.5,5,4,1.7,0.5672,0
27,18733.89,3386.89,31095.68,12.2,4,5,4.7,0.1808,0
30,59416.79,31201.57,8793.56,8.1,3,2,16.8,0.5251,0
39,40561.94,5328.77,12913.66,1.6,1,2,12.2,0.1314,0
42,28225.56,1264.06,20039.27,3.6,2,0,5.9,0.0448,0
58,,1121.27,20665.21,4.0,1,3,13.9,0.0968,0
28,86391.74,64274.4,27161.67,4.6,1,4,3.1,0.744,0
51,17385.5,7673.97,15817.94,6.1,3,5,6.1,0.4414,1
37,25469.4,16225.96,9560.55,14.0,1,2,4.7,0.6371,0
39,45026.51,11982.62,10099.5,6.8,3,4,11.0,0.2661,0
48,17713.2,8398.3,13636.94,5.0,1,2,6.6,0.4741,0
26,14822.39,5869.1,16312.29,12.6,1,7,2.5,0.396,0
44,10154.09,7682.49,11875.86,12.6,3,4,4.6,0.7566,0
41,55971.51,33474.3,13566.55,1.2,2,3,4.0,0.5981,0
45,26183.59,15302.58,3968.71,7.3,2,4,6.5,0.5844,0
43,210315.08,7799.03,22785.6,15.0,2,8,3.6,0.0371,1
69,19997.99,8793.83,15442.67,6.6,2,3,5.4,0.4397,0
32,20892.16,7805.17,29777.14,3.7,1,3,3.2,0.3736,0
33,25868.06,19201.18,13361.44,12.1,3,3,12.3,0.7423,0
32,42019.15,8650.63,3325.19,3.4,3,7,17.9,0.2059,0
33,27388.49,5912.26,10029.07,8.2,1,6,27.3,0.2159,0
32,52438.66,17256.36,11385.05,,1,4,9.6,0.3291,0
54,20188.07,3930.53,24205.2,2.3,2,3,4.7,0.1947,0
57,15851.91,1638.25,2549.83,13.6,0,3,9.4,0.1033,0
33,12345.8,8468.38,13807.17,9.5,2,2,19.8,0.6859,0
30,9564.9,4271.89,20149.61,16.3,0,3,7.7,0.4466,0
45,26613.09,18338.82,7869.97,7.3,1,2,14.1,0.6891,0
33,30315.42,20156.96,14181.63,3.9,3,5,1.2,0.6649,0
47,24863.04,5609.94,8089.89,2.5,1,4,10.3,0.2256,1
42,76576.34,33554.98,7452.77,12.7,2,8,2.8,0.4382,0
21,75873.15,5051.19,9636.03,3.7,1,6,19.0,0.0666,0
58,29706.41,21751.08,7566.2,25.7,0,5,13.6,0.7322,0
61,12377.65,4003.06,23083.99,19.8,1,3,13.4,0.3234,0
32,25847.7,8140.5,7420.77,7.7,1,4,3.9,0.3149,0
35,25339.18,6137.26,6487.76,6.3,2,4,8.3,0.2422,0
43,24482.63,9022.61,54959.01,,5,2,4.0,0.3685,1
44,23893.67,4812.36,28813.29,5.0,0,5,11.1,0.2014,0
47,,7358.09,3013.29,23.1,0,3,5.5,0.2999,0
64,28798.4,18429.76,7245.86,5.7,3,5,9.3,0.64,0
37,24801.9,16552.9,16219.51,9.9,3,7,9.5,0.6674,0
30,41150.59,10013.83,17309.38,10.3,5,2,11.8,0.2433,0
23,45081.23,16915.0,4054.59,13.1,2,6,7.7,0.3752,0
31,21028.06,14699.79,33753.94,9.4,1,7,10.7,0.6991,0
39,77857.79,3280.82,25852.94,7.3,2,1,8.2,0.0421,0
61,20170.22,14347.4,19643.88,4.3,5,5,3.5,0.7113,1
33,13757.23,2412.3,39552.45,10.1,2,8,10.8,0.1753,0
42,45636.67,24773.02,19184.0,8.9,1,6,10.6,0.5428,0
39,22237.94,10363.8,19127.16,5.6,4,6,3.1,0.466,0
54,44036.53,19479.67,46450.54,9.6,3,3,3.9,0.4424,0
70,8585.23,5902.24,32240.4,7.0,2,2,5.0,0.6875,0
33,83740.13,6804.53,6814.4,8.9,0,5,7.2,0.0813,0
34,54359.57,15091.44,22171.35,11.3,1,4,4.6,0.2776,0
52,14760.56,6355.93,7852.49,8.2,1,4,7.6,0.4306,0
48,14953.99,9705.6,19996.72,11.9,0,9,5.9,0.649,0
62,99047.97,17150.6,19560.96,8.1,1,5,19.5,0.1732,0
47,23331.79,14987.03,4417.04,13.1,1,4,11.0,0.6423,0
35,22015.22,7038.5,12118.92,6.1,1,5,12.9,0.3197,0
47,9324.2,1409.18,16517.99,3.8,2,3,0.5,0.1511,0
53,29423.03,17865.34,9423.56,8.7,3,3,3.7,0.6072,0
49,31677.7,2303.57,17184.58,18.3,1,5,8.3,0.0727,0
46,55786.98,22973.85,25456.29,12.4,2,2,7.3,0.4118,0
52,15686.46,801.59,13036.72,18.1,1,6,4.5,0.0511,0
54,14586.15,4159.01,15989.37,5.6,3,4,8.9,0.2851,0
56,47599.5,22888.76,40406.23,7.3,1,4,12.3,0.4809,0
47,66438.9,29558.16,19507.56,3.9,3,3,5.3,0.4449,0
37,14147.72,4579.96,15688.13,3.2,2,5,12.3,0.3237,0
41,69487.94,23850.93,6207.64,16.7,2,3,5.3,0.3432,0
54,37142.8,6738.28,22852.61,15.8,0,3,19.7,0.1814,0
30,69918.34,25499.64,17398.16,10.7,1,3,10.7,0.3647,0
44,34817.23,26551.75,37309.06,5.6,1,2,14.6,0.7626,0
35,7995.49,5439.83,13870.27,11.5,0,8,3.8,0.6804,1
40,33150.72,3851.66,3124.37,15.0,0,3,3.2,0.1162,0
55,68602.64,1634.43,3428.59,19.4,1,6,9.1,0.0238,0
42,21242.36,15864.21,24065.74,2.7,3,3,6.4,0.7468,0
40,28773.81,12125.28,8466.27,6.1,2,3,9.6,0.4214,0
23,32673.51,14058.44,18947.25,5.8,1,1,4.5,0.4303,0
48,6375.97,3982.27,14638.15,6.7,1,4,10.3,0.6246,0
47,98993.41,24921.71,11690.46,10.3,2,6,16.1,0.2518,0
65,21145.33,8152.08,12368.53,1.7,2,2,7.1,0.3855,0
36,49189.79,38118.66,6685.45,5.5,2,5,3.7,0.7749,0
42,34474.64,18537.67,13192.16,5.9,1,6,12.2,0.5377,0
42,77232.18,9499.25,8369.97,8.0,1,6,7.6,0.123,0
58,46334.11,4938.35,9918.87,8.6,1,3,4.1,0.1066,0
38,31541.06,5154.18,10312.18,6.7,5,4,13.7,0.1634,0
43,21245.3,13031.22,11143.88,21.7,0,0,11.5,0.6134,0
47,58612.92,13850.33,27937.88,7.0,1,3,8.4,0.2363,0
42,11800.95,201.93,12042.14,10.2,1,1,2.0,0.0171,0
34,53505.21,40414.6,30301.78,11.3,2,1,6.1,0.7553,0
42,18780.48,2549.84,45719.67,,1,4,8.1,0.1358,0
52,76985.33,588.67,26474.99,4.4,2,4,8.9,0.0076,0
27,40005.8,7589.31,20487.59,11.4,4,2,3.7,0.1897,0
41,53448.52,10049.55,17352.05,15.9,1,2,7.3,0.188,0
31,38146.65,12878.47,26696.48,,1,8,5.3,0.3376,0
54,12690.05,9343.83,14349.76,4.3,0,7,4.0,0.7363,0
21,21667.37,15239.7,29367.85,13.5,1,3,0.4,0.7033,0
33,54362.7,19870.42,21835.33,7.7,2,2,15.2,0.3655,0
44,40134.58,13193.04,10017.89,15.8,0,1,4.5,0.3287,0
58,73761.63,32750.7,27355.71,9.6,0,2,26.2,0.444,0
39,46256.85,9009.13,14374.11,10.8,2,6,9.1,0.1948,1
33,20332.56,848.84,12272.23,17.4,2,5,6.6,0.0417,0
62,22524.56,16924.49,9127.44,18.4,1,8,9.4,0.7514,0
22,38628.69,5769.55,15257.33,8.4,1,4,9.7,0.1494,0
18,9059.54,1437.94,29648.6,2.4,2,1,9.6,0.1587,0
45,99117.88,37463.41,27204.89,4.9,1,2,2.0,0.378,0
33,47337.03,18617.21,17724.71,23.5,3,4,10.6,0.3933,1
27,75827.84,1118.26,21584.16,11.1,0,2,8.4,0.0147,0
48,14067.71,1665.11,36951.35,4.3,1,3,9.6,0.1184,1
42,76629.63,23182.29,11849.33,5.4,3,3,6.2,0.3025,0
33,138537.92,75778.1,5473.45,14.4,2,8,13.1,0.547,0
24,16440.01,3004.16,37831.75,21.4,1,0,15.0,0.1827,0
50,57690.11,19523.0,8744.48,7.9,3,11,4.1,0.3384,0
47,36339.7,16203.0,7690.41,15.8,0,1,5.9,0.4459,0
38,14376.35,10219.77,3174.93,13.4,2,3,19.4,0.7109,0
62,48811.95,12732.91,21099.96,9.6,4,6,12.5,0.2609,0
27,59883.84,6398.39,3651.3,11.9,3,7,7.0,0.1068,0
21,25319.35,9910.44,7330.46,9.4,1,2,7.5,0.3914,0
31,73097.53,43666.8,21388.09,16.1,0,1,6.8,0.5974,0
39,13358.95,1174.09,23802.29,12.3,1,5,5.4,0.0879,0
42,14811.31,5032.1,7931.81,2.7,2,5,9.6,0.3397,0
37,39417.24,560.83,12000.18,7.0,1,8,6.7,0.0142,0
44,36872.86,989.94,6647.02,4.3,0,2,16.6,0.0268,0
24,23624.89,9127.78,8615.19,8.5,0,5,5.7,0.3864,0
57,59027.38,14081.44,16530.66,6.8,1,5,11.2,0.2386,0
39,49937.95,33762.34,8943.5,5.3,0,5,16.7,0.6761,0
53,60771.94,29275.27,10988.76,3.4,1,4,14.9,0.4817,0
44,33729.16,12248.62,4139.1,1.6,0,2,7.2,0.3631,0
45,52132.73,17013.43,33069.44,16.0,2,6,7.5,0.3263,0
46,27794.96,11056.73,20091.52,15.9,0,3,5.4,0.3978,0
45,124528.67,4028.64,25193.07,3.3,2,4,5.9,0.0324,0
47,22302.91,15929.51,37509.15,9.5,1,1,12.5,0.7142,0
55,128435.03,102573.68,6903.82,2.2,2,2,15.8,0.7986,0
42,37083.7,5384.17,10029.48,4.7,0,6,5.6,0.1452,1
48,15909.85,1532.22,2934.03,6.5,2,1,5.0,0.0963,0
38,82524.26,9478.9,164775.35,5.0,1,2,13.9,0.1149,1
57,39165.08,20711.34,11852.95,11.1,1,0,1.5,0.5288,0
31,,32022.57,30668.22,0.9,2,5,9.9,0.5292,0
61,75683.36,51339.0,4961.54,4.6,1,6,4.2,0.6783,0
39,44479.04,26752.41,29646.84,12.9,1,3,,0.6015,0
22,25454.7,9157.37,59046.04,2.0,1,3,4.1,0.3598,1
41,65213.91,31973.36,12730.75,4.9,2,5,4.8,0.4903,0
31,36331.97,20005.39,5950.88,13.9,3,5,11.3,0.5506,0
50,54803.79,22479.92,11955.69,22.7,2,6,7.8,0.4102,0
32,9974.25,3795.41,2249.79,15.9,4,4,17.7,0.3805,0
34,47485.94,24506.45,12960.88,6.4,1,5,5.5,0.5161,0
18,24756.63,11040.95,25765.04,22.6,0,2,7.7,0.446,0
34,97927.8,50447.88,12982.97,13.1,1,5,13.1,0.5152,0
18,52778.14,25876.27,10643.33,3.4,2,3,4.5,0.4903,0
20,41936.62,24128.54,20374.81,2.3,1,1,4.3,0.5754,0
49,48619.79,25002.38,21659.94,12.5,1,7,3.6,0.5142,0
49,19949.02,8294.68,3540.69,7.1,1,5,9.5,0.4158,0
45,96177.82,52458.98,14343.59,3.3,1,3,5.0,0.5454,0
28,119949.04,43131.94,93787.62,6.9,0,3,7.5,0.3596,0
39,45970.18,8887.74,4591.61,14.5,0,4,4.9,0.1933,0
39,94300.53,106.99,12477.28,5.1,2,5,19.8,0.0011,0
26,25809.84,11562.07,63158.13,5.0,0,6,4.3,0.448,1
58,22510.38,10636.7,32316.72,6.9,3,5,11.2,0.4725,0
50,37218.26,28942.38,8859.83,7.5,3,2,7.1,0.7776,0
37,47144.12,13633.26,15754.93,6.1,4,3,8.5,0.2892,0
40,28670.04,9039.85,13337.18,11.1,2,4,15.4,0.3153,0
42,50144.34,8095.29,7343.29,11.9,4,3,15.4,0.1614,0
18,43644.55,2462.75,12589.25,7.3,1,5,5.6,0.0564,0
37,19950.63,12334.35,10678.92,4.8,2,4,9.1,0.6182,0
31,49576.68,9902.69,14620.78,5.5,0,2,5.2,0.1997,0
27,60968.76,29699.34,7341.46,16.8,1,1,14.9,0.4871,0
36,40250.66,22146.65,4811.22,22.4,0,4,1.1,0.5502,0
61,72517.91,27338.48,12925.73,2.9,1,2,8.0,0.377,0
47,17493.03,12264.04,52685.45,3.5,1,4,7.8,0.7011,1
33,48087.15,17072.66,14267.83,5.4,0,4,4.0,0.355,0
46,,4101.47,10246.84,17.1,2,6,13.9,0.2279,0
56,18611.8,13341.17,24422.71,6.1,3,3,1.6,0.7168,0
51,24870.6,17142.1,11770.41,11.1,1,7,5.6,0.6893,0
40,20635.41,2708.03,59541.35,6.9,1,5,6.5,0.1312,0
32,26139.49,542.89,13317.98,5.5,2,2,13.2,0.0208,0
48,31936.66,2299.07,23397.81,6.6,2,2,20.6,0.072,0
44,60011.57,13756.93,7305.02,3.3,1,1,12.1,0.2292,0
50,29950.6,23295.81,19979.69,11.9,1,4,9.1,0.7778,0
47,14025.39,6266.73,16648.49,4.8,2,5,18.7,0.4468,1
52,71972.6,21491.69,12769.25,5.2,0,7,3.9,0.2986,0
33,21976.87,15624.96,8942.71,4.4,0,0,12.9,0.711,0
55,35058.3,12708.95,8019.06,18.5,1,0,4.5,0.3625,0
42,47473.26,11972.32,16745.45,5.8,1,2,7.6,0.2522,0
64,40936.05,30823.85,22095.99,8.9,0,3,11.4,0.753,0
31,70018.01,47585.23,12067.48,1.5,2,1,10.1,0.6796,0
60,48407.11,32671.64,16811.43,0.8,1,7,5.6,0.6749,0
42,21659.82,8876.8,12960.59,3.3,3,5,3.6,0.4098,0
32,134206.82,84758.41,14455.36,13.9,1,6,12.2,0.6316,0
34,40806.64,5855.05,11380.36,8.5,3,5,5.9,0.1435,0
36,33242.88,15244.47,13553.2,19.6,2,5,11.1,0.4586,0
45,64754.29,50966.6,115662.57,15.1,2,4,12.6,0.7871,1
46,42178.7,9817.8,17142.35,4.5,4,6,21.0,0.2328,1
33,46144.68,29324.11,22387.04,6.9,2,5,4.1,0.6355,0
39,161993.32,63563.38,18966.3,16.5,0,2,6.1,0.3924,0
65,30789.44,980.48,10826.44,6.5,1,5,9.4,0.0318,1
60,30011.73,18319.63,37616.25,11.7,0,4,22.2,0.6104,0
45,38946.61,5252.16,10583.69,2.9,0,6,3.2,0.1349,0
40,69072.33,34893.88,31071.42,9.5,2,3,8.3,0.5052,1
41,14707.01,1007.89,10225.44,7.6,2,4,12.1,0.0685,0
47,11166.42,8458.5,6198.25,4.5,1,10,4.8,0.7575,0
27,25533.1,5958.89,17895.72,7.1,0,3,4.4,0.2334,0
36,13624.79,2468.43,5520.73,9.4,2,5,20.7,0.1812,0
19,28144.33,2907.57,20506.81,13.6,1,7,11.5,0.1033,0
44,49094.38,37154.71,5139.3,18.7,1,3,5.8,0.7568,0
47,21280.59,12119.79,10350.54,12.6,1,3,4.6,0.5695,0
34,15427.46,9153.55,4249.75,15.6,1,5,26.8,0.5933,0
58,37858.18,15125.24,127942.17,4.1,0,6,13.0,0.3995,1
25,60932.75,23141.18,3557.57,3.6,2,0,4.6,0.3798,0
22,13134.74,1156.08,13465.03,10.8,3,7,25.3,0.088,0
42,,26606.04,33344.34,3.1,4,0,15.0,0.4479,0
52,59301.13,11713.94,30610.82,6.7,3,7,12.0,0.1975,0
60,64373.1,50321.5,26398.8,12.4,0,9,15.1,0.7817,0
34,75439.64,48075.02,10365.28,17.1,4,4,24.1,0.6373,0
52,136108.6,44969.42,39374.4,9.7,1,4,10.9,0.3304,0
39,29329.37,3551.0,27742.28,3.8,1,6,4.2,0.1211,0
37,38783.22,24366.15,15832.81,7.9,2,5,8.1,0.6283,0
50,28286.42,2761.97,16195.11,8.4,0,3,11.8,0.0976,1
47,36358.6,5507.13,10476.21,4.9,1,4,5.4,0.1515,1
21,91101.0,15415.78,6452.86,2.4,1,6,,0.1692,0
57,16203.64,7218.92,35944.12,12.6,2,2,10.3,0.4455,0
56,21663.2,13640.13,38168.52,6.8,2,2,7.0,0.6296,0
32,82976.16,20864.51,6586.07,,2,6,14.5,0.2515,0
44,66971.46,4536.37,11813.19,9.1,0,3,8.9,0.0677,0
45,29205.75,10853.76,11911.52,6.8,2,4,2.7,0.3716,0
43,,36289.83,13015.23,6.2,0,2,22.1,0.5985,0
33,44566.13,7902.96,14064.88,7.5,0,2,7.2,0.1773,0
31,89336.44,15717.82,28495.15,10.8,3,4,8.2,0.1759,0
39,37975.85,28777.4,7348.31,1.1,3,3,6.8,0.7578,0
54,67196.69,51292.78,6788.07,10.6,2,5,4.8,0.7633,0
46,177230.63,140432.69,35928.85,10.1,2,4,11.0,0.7924,1
35,51992.75,33593.95,9226.95,12.5,1,5,10.5,0.6461,0
49,37406.39,5631.43,4863.78,17.6,5,2,17.9,0.1505,0
18,56020.23,9500.2,9062.46,5.0,1,6,4.3,0.1696,0
53,29168.12,7938.98,10259.48,2.7,0,4,7.5,0.2722,1
19,152174.11,38729.23,46349.7,,1,3,4.6,0.2545,0
35,40458.93,30960.07,27997.23,8.4,2,3,4.1,0.7652,0
26,30829.89,19461.65,33457.01,6.3,3,3,1.1,0.6313,0
24,21995.36,12739.87,25744.57,10.3,3,4,6.4,0.5792,0
53,70145.86,10435.64,28481.07,5.2,0,6,4.7,0.1488,0
34,61102.77,44459.62,7704.3,6.8,1,6,8.5,0.7276,0
44,26945.93,17846.19,11397.15,10.6,0,1,7.2,0.6623,0
39,51321.8,6718.72,6051.54,6.4,0,5,6.6,0.1309,0
45,14689.18,10237.42,11289.29,8.4,0,3,12.4,0.6969,0
40,40578.04,8837.82,23092.98,6.4,1,2,10.9,0.2178,0
24,,3082.8,14878.41,3.9,3,4,15.5,0.0647,0
51,101153.85,53152.08,38146.32,12.4,1,4,7.8,0.5255,0
34,22868.34,11961.14,5360.79,11.8,1,3,3.8,0.523,0
21,16864.88,1280.81,19934.17,11.6,2,6,,0.0759,0
34,21220.93,5413.07,4921.45,7.2,1,3,10.9,0.2551,0
58,16285.96,12935.15,14405.15,13.0,2,3,4.9,0.7943,1
50,80982.99,43952.82,24155.48,13.3,1,3,3.8,0.5427,0
35,91966.86,53714.18,11253.09,16.4,2,3,4.1,0.5841,0
35,44008.14,7496.07,20762.45,7.3,1,5,8.6,0.1703,0
36,75567.15,4762.67,6199.44,8.7,2,1,,0.063,0
64,39354.87,8717.94,3529.98,3.8,1,2,6.2,0.2215,0
44,34301.11,6829.99,20860.73,17.6,3,5,10.8,0.1991,0
45,29737.89,5579.88,53917.38,6.5,3,2,8.8,0.1876,1
52,30144.73,4648.42,6021.94,3.2,3,3,7.9,0.1542,0
42,14347.33,6596.97,35516.6,16.7,1,9,6.3,0.4598,0
36,42555.01,11169.96,13831.98,7.1,2,2,7.7,0.2625,0
37,35447.2,23263.15,4589.13,21.5,1,5,9.8,0.6563,0
39,56795.73,8357.94,5403.47,8.0,3,3,8.3,0.1472,0
39,38411.57,14277.64,13529.5,4.8,0,3,12.0,0.3717,0
48,32937.85,359.89,9666.58,12.7,3,8,13.4,0.0109,0
40,21531.76,8297.17,4673.53,6.8,0,2,7.1,0.3853,0
48,37922.2,1694.01,3445.31,11.3,1,2,11.6,0.0447,0
39,56553.5,44234.95,6786.05,5.0,1,9,14.9,0.7822,0
40,18287.93,11566.63,15600.33,10.6,0,3,7.2,0.6325,0
18,38272.4,15006.19,13291.49,6.1,0,1,11.9,0.3921,0
50,41765.49,2893.09,8946.43,12.2,0,5,9.9,0.0693,0
44,23603.76,11187.15,15701.47,7.5,2,2,17.1,0.474,0
51,25521.75,15491.98,30700.11,8.7,0,5,12.6,0.607,0
18,41704.59,6363.03,18311.8,6.7,1,5,4.4,0.1526,0
65,18397.08,8362.7,12124.13,7.7,5,7,4.6,0.4546,0
38,44799.59,29181.05,28070.03,12.1,3,3,6.6,0.6514,0
53,21221.87,13042.92,6198.85,3.8,3,3,8.2,0.6146,0
27,68714.27,44141.61,11159.7,9.3,2,8,4.9,0.6424,0
47,147664.29,103875.74,11374.5,27.7,2,2,7.5,0.7035,0
27,21667.01,16253.41,4966.33,15.4,1,4,15.2,0.7501,0
32,50037.34,16232.96,9548.13,7.2,3,7,15.2,0.3244,0
62,23481.19,10684.3,2540.29,,2,4,8.0,0.455,0
37,67817.29,42896.31,61681.69,5.9,1,0,5.4,0.6325,1
42,16997.9,9479.93,6311.12,11.1,2,2,11.6,0.5577,0
50,48453.12,38588.85,47519.3,3.2,1,7,15.5,0.7964,1
45,21508.57,235.35,13773.03,6.1,0,2,10.8,0.0109,0
41,32074.26,9112.51,20991.89,4.8,1,4,8.8,0.2841,0
44,19562.8,4398.15,9035.89,6.0,0,3,12.5,0.2248,0
68,59480.89,12482.22,15777.56,9.1,2,7,6.1,0.2099,0
39,21978.32,3912.66,22480.23,1.3,0,2,14.9,0.178,0
42,50573.28,28690.17,22734.57,6.6,2,4,6.9,0.5673,0
52,29541.2,2003.12,24830.27,5.7,1,3,6.0,0.0678,0
53,,20115.37,9950.06,13.6,2,3,19.2,0.5933,0
54,39682.02,22013.23,9097.11,4.3,3,2,5.8,0.5547,0
47,22992.08,4613.21,3731.85,9.2,2,5,6.7,0.2006,0
26,41201.1,8333.62,20304.04,7.2,2,5,12.5,0.2023,0
59,90962.33,45762.1,31758.1,14.2,3,4,3.0,0.5031,0
26,22768.72,13882.93,48668.41,13.1,1,2,14.3,0.6097,0
43,,51436.72,17053.97,19.3,1,1,22.8,0.7012,0
30,89219.83,60822.2,7235.94,14.5,0,1,7.4,0.6817,0
39,22254.67,17178.52,3436.89,9.5,0,2,5.3,0.7719,0
43,15168.36,7054.92,30740.41,12.6,2,4,5.7,0.4651,0
43,43528.73,31642.1,3174.73,6.8,1,5,7.0,0.7269,0
45,26148.72,16913.27,10173.25,8.5,3,3,15.6,0.6468,1
59,111431.12,79755.05,11165.17,8.7,0,2,13.6,0.7157,0
45,37081.91,344.91,12637.65,4.4,2,5,10.8,0.0093,0
37,22441.8,17341.28,13747.91,13.9,6,3,,0.7727,0
51,18246.06,6912.05,14920.9,16.9,2,4,4.3,0.3788,0
54,69838.66,44595.22,1934.7,,1,4,8.9,0.6385,1
25,25778.33,2623.29,13517.29,7.6,2,7,4.2,0.1018,0
47,37283.17,11809.55,2244.73,5.2,2,5,5.7,0.3168,0
48,64439.47,13994.23,23999.17,3.5,1,3,8.6,0.2172,0
36,27158.49,6336.81,8568.94,11.8,0,2,9.4,0.2333,0
56,35328.41,3483.54,2378.85,3.7,0,5,12.2,0.0986,0
38,35956.28,23177.82,6964.88,3.6,2,3,11.8,0.6446,0
41,54720.56,404.6,8467.07,11.4,1,2,20.3,0.0074,0
37,51763.81,12941.18,34632.91,8.8,2,6,5.9,0.25,1
40,31822.59,4440.16,15635.67,11.8,0,1,12.0,0.1395,0
26,37729.19,17779.17,17598.27,4.8,0,2,10.7,0.4712,0
22,29054.61,5909.76,34371.3,20.7,0,7,,0.2034,0
59,14964.45,3100.62,12370.68,4.3,2,3,15.4,0.2072,0
29,42385.45,16558.75,24424.7,5.7,2,2,10.7,0.3907,0
28,113019.43,59013.23,23088.48,4.9,1,5,7.6,0.5222,0
18,21370.54,2073.88,4773.45,20.4,0,4,11.7,0.097,0
32,22838.02,3206.67,43407.47,6.2,1,4,6.5,0.1404,0
24,21537.77,4258.87,4288.78,4.1,1,6,6.1,0.1977,0
59,56092.37,43695.88,27830.65,26.7,2,3,4.0,0.779,0
52,47528.81,15100.95,3969.29,18.5,3,5,17.6,0.3177,0
31,33020.29,15823.06,21611.69,15.5,1,5,23.4,0.4792,0
67,20935.23,4045.4,59250.64,17.9,1,3,12.4,0.1932,0
51,38385.15,15061.09,11266.82,4.2,0,7,3.6,0.3924,0
36,14203.26,842.19,10882.55,19.3,2,3,9.3,0.0593,0
18,39579.08,1100.05,21771.39,6.9,0,4,9.6,0.0278,0
67,61261.98,22972.44,10264.87,9.8,1,5,11.5,0.375,0
23,17141.89,5467.02,57217.95,7.8,1,5,6.1,0.3189,0
20,14479.5,1585.57,15580.16,16.8,0,7,9.1,0.1095,0
52,93682.13,51532.77,10340.92,1.2,3,4,12.4,0.5501,0
69,25158.33,19983.83,8671.28,3.8,0,6,10.8,0.7943,0
56,71794.9,22724.34,6333.71,17.9,1,3,11.3,0.3165,0
46,33110.36,16543.49,8085.24,5.3,5,4,7.9,0.4996,0
47,32952.65,25386.09,10091.63,16.5,2,5,6.2,0.7704,0
50,47242.43,31426.99,9044.29,5.1,2,2,14.0,0.6652,0
49,21366.95,7923.76,7890.86,6.8,2,6,1.4,0.3708,0
43,39320.38,23198.69,71615.94,21.6,3,2,18.4,0.59,1
41,28885.83,2961.03,5860.11,12.5,1,5,7.3,0.1025,1
39,16443.8,6736.75,15022.53,8.9,0,4,9.4,0.4097,0
30,44466.41,9927.05,21461.52,10.8,3,4,8.8,0.2232,1
36,31008.46,3997.95,22116.66,14.5,1,1,20.5,0.1289,0
19,33050.27,11270.96,12747.8,8.6,2,1,6.7,0.341,0
38,17569.21,1841.46,11019.68,11.4,3,3,20.3,0.1048,0
28,94356.95,52763.28,19172.61,27.0,1,4,11.5,0.5592,0
26,61453.04,22429.87,16534.71,4.0,1,3,16.3,0.365,0
42,64763.25,27518.92,10859.91,8.9,1,2,14.2,0.4249,0
56,30234.33,3540.46,3829.53,,0,7,6.4,0.1171,0
51,12867.89,1438.85,9188.07,4.5,3,10,2.0,0.1118,0
21,117213.28,54707.23,5338.82,8.8,0,2,6.6,0.4667,1
28,35008.34,27586.84,7834.34,4.5,1,6,1.3,0.788,0
51,23172.47,1784.29,13719.57,4.1,2,2,7.9,0.077,0
28,46633.8,10659.79,17800.63,7.5,2,2,18.4,0.2286,0
37,73150.37,50881.0,55512.43,11.2,2,3,4.1,0.6956,0
46,35816.7,2070.84,8691.27,10.7,1,6,,0.0578,0
28,78209.4,54802.0,24827.33,7.6,1,3,7.9,0.7007,0
41,69549.91,29171.23,17064.71,3.2,3,6,17.2,0.4194,0
23,19037.6,6217.94,37676.74,3.0,3,7,1.7,0.3266,0
32,24239.19,6005.12,21183.61,10.0,3,5,15.5,0.2477,0
43,64506.57,15332.81,5962.32,5.4,1,4,2.9,0.2377,0
20,7132.61,1744.94,3366.28,9.2,1,1,11.5,0.2446,0
45,33200.71,23500.87,17137.24,8.5,1,4,7.6,0.7078,0
39,15390.43,8911.62,8753.77,2.0,3,2,6.1,0.579,0
46,27284.33,14618.35,6098.2,18.1,3,4,9.0,0.5358,0
42,30354.74,19396.66,4846.14,3.0,1,4,5.7,0.639,0
56,29291.52,6025.02,15195.89,6.9,3,3,7.8,0.2057,0
41,26072.68,12891.23,44630.21,3.5,4,6,19.2,0.4944,1
34,18801.91,6920.1,9634.08,5.3,3,1,,0.3681,0
41,143651.68,89919.24,21422.91,5.7,2,2,2.8,0.626,0
46,111354.85,27549.73,12310.24,6.1,1,5,5.0,0.2474,0
40,18083.6,9304.79,4762.34,7.0,1,7,7.8,0.5145,0
40,93832.83,66224.39,24049.01,20.3,2,6,7.7,0.7058,0
31,28575.95,9193.47,5564.97,4.4,1,6,5.7,0.3217,0
32,39242.38,2091.53,13592.88,11.4,1,2,14.1,0.0533,0
23,34962.65,14434.0,10165.79,15.5,2,1,16.2,0.4128,0
60,24444.26,6765.63,27295.09,10.7,1,5,4.9,0.2768,1
25,65533.15,35242.44,5730.05,17.3,1,5,5.5,0.5378,0
31,39164.73,29797.56,18264.16,10.8,2,5,6.2,0.7608,0
31,27284.37,10599.61,6823.73,10.6,2,0,11.5,0.3885,0
50,16601.47,6191.55,8876.08,15.7,0,6,3.3,0.373,0
36,21244.28,11124.95,729.12,9.7,2,4,9.8,0.5237,0
54,13563.97,1123.07,71230.68,15.5,1,7,6.8,0.0828,1
31,36582.82,7419.18,20752.99,9.7,1,4,5.5,0.2028,0
43,17712.05,13021.61,7230.92,15.3,0,6,17.9,0.7352,0
29,30966.58,16596.67,5433.16,19.2,2,5,5.5,0.536,0
65,,888.65,8986.52,6.4,4,7,6.1,0.0108,0
25,74576.43,12208.19,23706.48,5.8,0,2,18.9,0.1637,0
43,35618.98,19457.57,2940.49,17.3,0,1,8.5,0.5463,0
47,34466.71,21077.06,11929.06,15.2,1,6,17.6,0.6115,0
44,112187.26,75377.24,55078.43,,1,5,13.1,0.6719,1
37,49635.11,11601.78,5392.92,9.2,1,5,4.6,0.2337,0
38,29831.38,22219.09,14247.09,21.5,2,4,8.3,0.7448,0
40,,6827.76,77858.46,3.8,3,11,10.1,0.4424,1
38,45996.65,25630.77,22152.85,3.4,2,5,18.0,0.5572,0
51,59730.27,28514.7,14775.7,5.2,0,7,5.1,0.4774,0
66,24859.84,2441.04,20036.47,6.1,2,6,11.9,0.0982,0
33,43248.67,33322.74,9694.44,2.6,1,6,35.3,0.7705,0
23,29198.02,2870.18,37786.42,3.8,1,2,6.3,0.0983,1
38,32519.02,6630.81,9706.35,2.4,0,2,9.2,0.2039,0
70,8162.51,5313.0,2786.82,9.1,2,7,8.7,0.6509,0
30,31790.77,15732.54,9768.88,8.9,1,4,12.2,0.4949,0
59,64966.15,43561.06,6164.81,17.3,1,3,8.5,0.6705,0
60,24863.56,10258.43,10668.44,9.5,2,6,9.4,0.4126,0
33,37478.24,11303.23,10858.82,11.3,1,7,9.8,0.3016,0
46,23073.26,17015.98,34819.7,12.0,0,2,4.1,0.7375,0
59,45083.2,1307.5,23300.6,4.2,1,1,17.9,0.029,0
35,31891.22,21842.43,16491.7,3.9,0,3,8.8,0.6849,1
37,20670.34,3816.87,13328.28,3.5,1,1,2.8,0.1847,0
33,80783.73,54851.27,5726.81,6.1,4,4,18.4,0.679,0
27,63408.88,7061.04,2333.35,5.8,1,0,10.1,0.1114,1
32,25261.98,11725.98,14625.59,8.4,2,3,7.9,0.4642,0
25,48955.79,34782.42,25228.08,12.5,2,2,12.0,0.7105,0
40,50133.62,18992.21,12250.63,11.3,1,2,6.8,0.3788,0
30,53390.11,31887.42,8709.04,5.7,0,3,19.5,0.5973,0
42,13140.4,8458.97,19372.34,5.1,0,7,4.0,0.6437,0
21,66433.98,39142.59,12498.13,5.5,3,3,17.8,0.5892,0
43,25801.31,19099.78,51461.81,6.0,1,4,8.2,0.7403,1
50,29298.84,10473.38,35817.17,2.9,3,8,17.8,0.3575,0
18,176791.98,24485.75,28784.91,9.6,1,1,11.8,0.1385,0
44,43526.45,1664.84,24494.09,21.6,0,5,7.4,0.0382,0
54,28802.18,5678.87,4759.35,8.1,2,2,5.1,0.1972,1
25,9670.38,1107.82,22706.24,8.3,2,8,3.2,0.1146,0
60,83604.99,37317.84,18052.88,10.4,2,9,5.9,0.4464,0
45,16201.74,2397.15,21701.57,3.7,1,5,16.7,0.148,1
31,19889.29,619.49,19812.88,5.2,1,3,21.2,0.0311,1
39,29767.98,857.08,19191.26,5.6,2,1,9.3,0.0288,0
46,84952.46,56515.1,115924.36,3.6,0,9,1.8,0.6653,0
40,57753.77,27326.77,12569.79,19.1,2,4,5.7,0.4732,0
46,33034.16,9463.24,28256.25,12.3,3,2,3.1,0.2865,0
28,43694.4,31258.21,9165.56,12.8,1,2,13.1,0.7154,0
42,25330.6,1422.5,25147.49,6.5,5,6,6.8,0.0562,1
23,39489.58,30970.01,28323.75,8.7,2,4,7.3,0.7843,0
38,37949.14,18710.19,17881.84,6.1,4,0,6.3,0.493,0
29,64942.79,9531.74,50787.09,7.0,2,2,6.8,0.1468,1
31,64880.79,35246.83,6585.19,8.3,1,4,3.2,0.5433,0
54,48843.98,29829.26,9047.31,7.2,3,3,3.8,0.6107,0
53,29219.5,10036.15,15833.83,8.3,1,2,9.5,0.3435,0
47,56675.28,39066.62,27028.46,2.6,1,3,8.0,0.6893,0
26,34365.86,4144.04,15421.9,3.8,5,3,5.7,0.1206,0
36,18974.5,4232.64,37369.39,6.1,1,3,23.1,0.2231,0
54,28510.49,2132.41,7868.7,6.8,0,2,12.0,0.0748,0
41,38204.79,6445.23,5364.39,6.8,2,1,5.2,0.1687,0
67,62700.8,11974.79,17094.34,11.1,2,6,6.0,0.191,0
44,32528.86,23879.65,12559.79,9.3,0,4,7.5,0.7341,0
42,17579.36,1098.49,20625.66,10.1,1,3,10.9,0.0625,0
36,37573.15,12847.47,13070.04,5.5,0,5,5.6,0.3419,0
41,,16557.05,10178.0,4.2,2,2,8.5,0.4259,0
38,40599.16,29188.95,12582.35,7.1,2,7,16.3,0.719,0
48,63065.11,50335.86,13671.64,11.8,1,0,8.0,0.7982,0
51,66926.75,40337.45,10467.34,,2,7,7.0,0.6027,0
30,25424.63,19745.6,11355.92,5.6,1,5,5.0,0.7766,0
24,25092.24,15800.1,9673.31,18.6,1,9,12.7,0.6297,0
18,19455.42,14991.61,26511.45,3.9,2,4,9.7,0.7706,0
46,55231.54,31250.92,15602.97,2.8,2,2,4.9,0.5658,0
26,86620.52,5527.32,81259.42,6.7,2,5,9.7,0.0638,1
18,30060.01,9665.38,15192.6,4.2,1,5,37.1,0.3215,1
44,31418.17,16251.92,8598.25,5.1,2,4,11.6,0.5173,0
69,87559.12,24566.88,113157.99,13.5,0,3,13.8,0.2806,1
39,49184.54,10757.01,18599.71,12.8,0,9,8.6,0.2187,0
50,47180.76,21793.71,29498.65,9.3,2,7,6.6,0.4619,0
40,17773.26,13273.1,21454.34,8.9,3,3,15.0,0.7468,0
38,54569.85,1527.16,21991.45,5.0,1,7,13.9,0.028,0
51,20796.05,12797.58,20507.03,7.2,1,5,13.1,0.6154,0
36,18390.47,10633.04,5532.15,6.5,2,5,9.2,0.5782,0
43,29493.85,22744.56,17926.28,3.3,0,3,11.5,0.7712,1
43,25553.37,19026.25,4629.07,20.5,1,5,28.1,0.7446,0
31,31794.23,19387.68,11620.31,6.6,1,4,9.1,0.6098,0
51,15296.98,6368.55,7476.4,4.0,3,4,7.1,0.4163,0
37,64556.09,10549.37,17782.61,3.0,2,3,10.5,0.1634,0
30,71439.9,31161.27,17453.6,10.5,4,4,12.7,0.4362,0
46,11289.12,6912.12,19632.01,19.5,2,5,5.1,0.6123,0
29,65321.38,46805.08,16811.82,23.1,1,4,11.8,0.7165,0
40,22329.92,14107.36,8221.76,7.5,3,5,7.4,0.6318,0
39,60729.53,9486.78,10842.16,6.6,2,1,22.2,0.1562,0
53,34854.31,16721.32,27898.19,8.4,2,4,4.0,0.4797,0
45,36947.95,9818.5,31391.28,8.3,1,5,14.4,0.2657,0
39,32498.25,239.33,5337.82,2.0,2,0,26.9,0.0074,0
49,75152.72,12037.72,3925.53,6.1,1,6,3.7,0.1602,0
56,17261.73,1563.51,7468.79,9.6,2,6,17.2,0.0906,0
46,52297.52,35257.7,30827.61,10.8,0,2,6.2,0.6742,0
40,70319.06,14542.33,35309.5,11.2,3,1,2.7,0.2068,0
24,55815.34,12712.41,6375.58,8.2,0,9,5.4,0.2278,0
27,146505.66,112508.91,17083.14,3.9,1,4,12.6,0.7679,0
36,26439.96,8018.43,57962.13,7.4,3,6,11.9,0.3033,0
32,64497.57,494.6,18624.8,15.8,1,4,8.0,0.0077,0
37,34075.9,7737.85,41656.08,10.0,4,2,3.7,0.2271,0
40,76118.27,7264.7,29702.34,6.7,3,4,3.1,0.0954,0
46,36148.35,2973.09,6450.04,24.2,1,2,9.4,0.0822,0
39,28775.35,1783.78,11476.02,8.5,2,4,4.1,0.062,0
45,79510.42,37736.25,13736.39,7.3,2,4,6.5,0.4746,1
40,27039.74,4095.93,14520.35,11.8,3,4,3.8,0.1515,0
18,15558.53,4496.33,27807.56,3.6,2,7,11.1,0.289,0
28,26632.61,18366.23,18526.32,6.6,1,5,5.1,0.6896,0
38,52649.91,17873.09,1275.43,7.4,2,5,16.3,0.3395,1
25,83719.17,61328.74,4673.8,2.5,1,5,4.6,0.7326,0
47,38819.49,15463.76,2321.79,9.0,2,3,11.0,0.3984,0
58,80090.96,25554.57,15371.83,10.8,1,3,1.5,0.3191,0
54,16076.2,9650.72,16193.9,5.7,3,5,18.6,0.6003,0
37,27834.79,1629.45,16757.14,12.2,2,3,14.8,0.0585,0
57,30541.9,2186.27,6203.43,14.5,2,5,14.8,0.0716,0
41,33903.19,17683.19,22909.69,15.6,0,5,11.9,0.5216,0
35,38194.88,14878.91,23694.78,4.0,0,3,11.0,0.3896,0
32,54970.2,34759.43,4894.57,8.8,1,3,9.4,0.6323,0
36,27809.03,20384.48,4134.7,11.4,1,4,4.9,0.733,0
35,39474.78,12264.56,13358.32,8.7,1,6,,0.3107,0
42,35345.5,16864.33,56017.86,13.9,3,5,7.9,0.4771,0
41,20836.59,8346.25,52041.37,9.2,1,6,5.6,0.4006,1
40,33921.35,26638.05,20967.39,3.9,0,5,4.6,0.7853,0
45,33316.37,22150.97,7450.25,14.1,0,3,10.0,0.6649,0
54,32890.91,23990.31,27159.28,8.6,0,4,12.3,0.7294,0
51,37014.15,7531.35,9302.71,19.0,1,3,9.4,0.2035,0
22,38002.38,23486.27,7230.0,3.9,0,3,2.6,0.618,0
18,28018.57,5950.54,2403.85,8.7,3,4,,0.2124,0
51,77934.88,13014.66,14500.03,18.2,5,2,3.4,0.167,0
23,18003.32,13599.94,8071.59,9.3,0,6,2.7,0.7554,0
37,23562.65,363.89,14431.15,,0,4,10.0,0.0154,0
25,192524.4,148688.7,2122.85,14.8,1,3,8.1,0.7723,0
18,19481.2,2326.24,15303.87,8.4,0,4,7.7,0.1194,0
46,16118.89,10566.75,1910.47,4.7,1,2,8.5,0.6556,0
49,56426.04,12455.37,31899.71,13.5,2,2,8.5,0.2207,0
33,10443.43,2930.03,20282.49,7.5,0,3,4.8,0.2806,0
18,31534.44,5468.27,10690.04,1.9,3,5,7.5,0.1734,0
33,131596.4,61641.23,20955.91,16.3,1,5,5.0,0.4684,0
44,14372.02,4002.27,6109.14,20.3,2,3,6.0,0.2785,0
22,11057.03,5815.05,14156.09,5.5,2,5,9.9,0.5259,0
42,14772.04,184.91,25230.76,8.1,3,3,4.6,0.0125,0
39,62256.35,3206.2,1123.91,21.3,3,5,5.8,0.0515,0
46,71315.29,5685.89,9341.49,18.4,2,5,2.9,0.0797,0
41,26700.74,8949.95,13119.89,11.4,0,5,,0.3352,0
28,54716.88,35666.48,11418.21,17.4,2,2,11.8,0.6518,1
54,83629.63,59422.39,42859.45,7.2,2,8,3.9,0.7105,1
38,106128.71,20785.16,5436.44,3.2,2,0,5.6,0.1958,0
39,31325.85,14394.1,8128.02,15.5,1,3,3.1,0.4595,0
28,9128.14,5610.99,2885.07,8.0,1,6,6.5,0.6147,0
34,22191.68,5127.69,44722.38,,2,3,7.0,0.2311,1
29,28111.04,9198.11,10970.53,5.7,2,4,9.8,0.3272,0
37,,13032.22,9407.6,7.0,1,4,8.5,0.4192,0
60,32444.44,3500.75,12810.42,7.5,2,1,15.1,0.1079,0
23,71064.04,1477.13,22225.35,5.1,3,4,2.7,0.0208,0
20,78015.05,9536.92,17639.41,4.1,1,7,4.0,0.1222,0
57,32761.06,16429.11,111113.49,2.4,3,5,1.8,0.5015,1
37,70199.11,4134.35,19209.28,2.3,2,3,4.1,0.0589,0
31,45008.06,6830.29,9207.78,7.9,0,2,13.7,0.1518,0
52,37748.6,10202.81,8526.33,9.5,1,5,15.8,0.2703,0
32,62562.82,3897.42,9757.51,4.1,1,3,10.0,0.0623,0
61,37924.45,5816.07,4017.96,17.2,2,0,5.7,0.1534,0
48,124827.33,91001.1,13792.65,6.3,2,4,7.8,0.729,1
34,15320.6,236.54,25003.58,7.5,3,3,8.9,0.0154,0
65,26659.41,13936.09,8178.87,7.2,1,1,7.9,0.5227,0
32,33660.78,10351.6,7003.01,2.1,1,8,4.9,0.3075,0
48,47271.91,25437.91,44925.29,14.0,2,5,4.6,0.5381,0
43,77712.88,36599.14,4267.63,11.3,0,6,5.1,0.471,0
55,35787.75,6398.81,2554.84,17.5,2,2,4.8,0.1788,0
58,15470.07,10485.11,5311.76,16.9,3,6,13.6,0.6778,0
40,60204.86,23693.76,3895.8,10.5,4,5,9.9,0.3936,0
30,57123.75,37589.07,18196.43,11.8,1,4,13.2,0.658,0
45,11326.32,3678.9,10010.97,3.9,1,3,7.8,0.3248,0
31,36232.71,28542.26,11206.51,6.3,1,6,10.4,0.7877,0
64,13987.44,8621.74,33602.22,7.2,2,6,10.3,0.6164,0
41,24372.47,18834.07,7684.28,5.8,1,5,7.9,0.7728,0
35,21127.16,8693.01,24836.55,16.6,3,4,8.1,0.4115,0
42,59015.7,22364.17,44759.47,8.9,3,7,9.9,0.379,0
23,38952.49,23541.45,9278.64,4.8,0,3,9.1,0.6044,0
28,16791.79,11825.33,24091.59,16.0,0,2,18.7,0.7042,0
54,61576.75,47495.17,11009.85,9.1,1,7,6.3,0.7713,0
32,15362.99,3988.87,27980.93,13.7,0,3,7.8,0.2596,0
27,44270.25,28287.08,3800.2,3.8,1,5,,0.639,0
46,22283.32,3755.11,3581.69,9.5,3,2,7.7,0.1685,0
54,29161.18,12727.67,9769.16,4.7,1,3,15.9,0.4365,0
48,49146.58,7071.14,6560.75,9.2,1,6,4.1,0.1439,0
51,49655.76,13800.22,8836.38,11.3,3,5,14.7,0.2779,0
30,80998.14,60350.64,11207.95,3.6,1,0,6.0,0.7451,0
22,34566.76,4039.91,23765.99,7.8,3,7,29.7,0.1169,0
58,43646.16,22081.5,9641.88,3.8,2,9,4.3,0.5059,0
36,27927.23,13247.66,6911.29,14.1,2,1,7.4,0.4744,0
36,40505.54,3912.46,10084.85,8.3,1,4,4.5,0.0966,0
55,47272.86,12327.97,7220.53,4.8,2,7,24.0,0.2608,0
46,34235.35,15419.1,6328.35,5.6,1,2,5.6,0.4504,0
45,12304.86,1842.57,3676.02,6.2,4,3,9.9,0.1497,0
65,44306.32,28378.15,14123.32,17.4,3,5,,0.6405,0
32,45194.78,35149.12,8476.35,7.7,0,4,8.0,0.7777,0
51,24146.53,4148.56,28941.24,12.8,3,3,13.9,0.1718,0
40,16803.93,2512.68,4196.82,7.9,2,3,1.9,0.1495,0
43,,32041.38,8658.81,3.9,3,2,2.8,0.3639,0
58,48769.84,29174.71,56972.6,5.6,1,8,8.2,0.5982,1
46,31651.83,7130.54,6300.05,9.8,1,5,9.5,0.2253,0
46,18357.26,291.95,11056.5,2.1,1,5,10.0,0.0159,0
52,22179.22,9603.08,5050.92,10.7,3,7,15.5,0.433,0
35,79344.49,60720.79,4542.61,5.1,0,7,12.6,0.7653,0
29,39442.42,12346.32,46066.85,8.9,1,7,0.8,0.313,0
27,26098.88,8772.03,15318.73,5.7,0,4,1.7,0.3361,1
18,49306.62,38218.62,14867.65,11.9,2,4,3.2,0.7751,0
64,22278.14,12379.65,3439.04,8.2,2,3,5.2,0.5557,0
26,89366.92,51416.14,17800.7,11.7,1,3,7.4,0.5753,0
37,81771.19,36810.25,33723.07,2.4,1,1,8.4,0.4502,0
36,27448.19,21401.01,33509.41,7.1,0,4,4.9,0.7797,0
43,24904.35,13724.62,22803.44,5.1,2,2,13.4,0.5511,0
49,7548.62,5405.01,5412.2,10.6,3,6,4.3,0.716,0
50,14928.86,8352.74,17162.79,14.0,0,6,21.9,0.5595,0
33,16257.64,9561.0,22789.79,13.7,2,5,8.9,0.5881,0
37,39383.97,9150.03,3179.39,17.9,2,5,15.8,0.2323,0
43,29859.54,7249.39,5447.85,14.2,1,3,6.6,0.2428,0
37,16200.52,10147.81,27187.86,7.1,2,8,9.0,0.6264,0
59,30678.02,7281.89,26925.7,4.3,0,5,7.5,0.2374,0
45,49178.03,22140.74,3870.48,2.6,2,5,2.5,0.4502,0
48,49846.5,9943.47,25235.76,4.2,0,4,8.7,0.1995,0
47,11616.69,7592.51,14418.14,2.3,3,0,3.2,0.6536,1
54,33625.56,2972.54,24954.44,3.3,1,3,6.9,0.0884,0
42,15835.28,10507.62,8041.6,9.3,1,2,7.4,0.6636,0
24,62382.32,30079.75,22385.01,2.4,0,5,23.2,0.4822,0
44,58132.95,8692.48,26240.6,10.0,0,2,12.6,0.1495,0
32,21187.86,9187.66,10086.29,5.6,1,7,7.8,0.4336,0
33,22933.93,5183.05,13550.82,8.4,1,2,9.2,0.226,0
47,27535.73,7125.53,7952.03,8.6,0,2,12.8,0.2588,1
54,9398.67,2643.12,50076.7,17.9,2,5,11.8,0.2812,1
40,44426.03,2250.42,12134.19,8.8,0,5,8.3,0.0507,0
43,30831.53,24318.97,6389.3,3.4,3,5,5.6,0.7888,0
60,64997.56,1639.74,7535.19,4.5,3,5,12.1,0.0252,0
42,18787.64,9957.4,14785.71,8.6,0,0,2.4,0.53,1
71,25047.42,7438.64,24407.97,6.9,1,7,10.6,0.297,0
46,14707.09,7600.75,4588.64,8.8,0,8,22.9,0.5168,0
18,19879.13,5665.52,58578.79,10.2,2,4,5.3,0.285,1
49,17868.79,9631.29,17101.82,4.6,2,4,5.1,0.539,0
44,66011.5,38510.34,19402.65,10.3,3,4,7.6,0.5834,0
55,23885.88,13195.57,12360.34,11.0,1,4,30.5,0.5524,0
48,39124.55,3566.97,13567.16,8.9,1,1,2.3,0.0912,0
38,28898.41,15186.54,11865.3,21.0,1,4,,0.5255,0
25,16955.05,3797.76,30158.94,2.6,1,8,3.9,0.224,0
37,32827.43,756.38,13275.26,19.5,2,3,3.5,0.023,0
29,52024.08,17264.95,24677.33,,0,2,9.8,0.3319,1
33,17594.55,6102.4,9441.99,5.0,2,5,13.6,0.3468,0
47,59010.32,22054.48,15623.2,10.5,0,3,8.9,0.3737,0
60,21810.95,12298.31,7022.42,5.6,1,4,1.3,0.5639,1
44,27179.26,6715.32,35355.97,13.5,2,7,3.1,0.2471,0
25,49931.63,12593.98,6856.84,6.4,4,3,8.6,0.2522,0
45,24390.24,1181.51,10301.21,14.6,2,2,16.4,0.0484,0
54,37143.53,20408.77,10384.11,4.1,1,2,9.2,0.5495,0
32,30067.06,13658.29,10065.2,9.7,1,4,1.0,0.4543,0
38,39246.63,10971.01,23813.23,4.8,2,6,18.0,0.2795,0
40,8704.16,4910.46,10370.02,9.9,0,2,10.6,0.5642,0
30,12114.89,5208.02,40747.09,3.0,3,3,7.3,0.4299,0
47,,19728.24,6941.13,3.2,3,6,7.8,0.3754,0
38,67663.95,27678.59,15298.38,6.4,1,4,2.8,0.4091,0
45,21030.06,10705.95,7182.27,14.9,0,8,11.9,0.5091,0
29,31369.24,16563.02,18709.34,2.7,0,5,12.6,0.528,0
34,43340.01,10018.75,13190.34,16.5,4,5,15.6,0.2312,0
48,,6197.92,11801.13,9.9,1,5,12.1,0.1126,0
35,10757.88,1348.04,34571.33,14.3,1,1,20.6,0.1253,0
60,21340.8,10916.09,7915.09,8.2,1,7,12.7,0.5115,0
35,29746.07,20771.64,21358.65,8.9,2,1,12.7,0.6983,0
42,55375.03,18140.69,7221.6,7.0,1,2,4.1,0.3276,0
51,162601.6,22051.4,14620.04,6.5,1,6,3.1,0.1356,0
22,31672.26,19170.65,5133.48,12.1,1,7,9.0,0.6053,0
18,15612.29,10397.65,7863.49,4.1,1,4,8.3,0.666,0
21,46228.92,32566.7,12510.02,8.1,1,8,1.6,0.7045,0
55,,38946.71,57052.05,2.7,3,2,8.3,0.4855,1
33,38746.99,26680.51,14481.73,3.3,0,4,16.1,0.6886,0
70,21078.54,259.94,50198.21,7.6,1,8,14.0,0.0123,0
33,64524.25,5535.45,15934.77,5.4,1,3,24.1,0.0858,0
42,54075.01,4004.84,9801.91,7.1,2,2,12.2,0.0741,0
58,19620.92,11185.57,45774.63,4.5,2,4,16.9,0.5701,1
64,45654.4,2541.37,18951.04,11.4,1,3,14.9,0.0557,0
64,66062.68,26232.93,7989.01,3.5,1,5,17.7,0.3971,0
54,73801.48,27909.17,19466.63,19.9,3,2,5.8,0.3782,0
52,34896.11,8673.88,10571.58,16.0,1,4,4.0,0.2486,0
47,29294.42,20398.41,2721.05,10.6,1,4,20.4,0.6963,0
49,75838.72,10340.35,28248.02,3.1,3,3,1.0,0.1363,1
33,17569.22,4954.0,32078.69,7.1,2,5,3.5,0.282,0
30,47247.15,29261.92,58125.14,10.9,1,1,6.7,0.6193,0
39,15962.28,388.49,18726.88,13.8,1,5,6.8,0.0243,0
37,68818.35,37049.07,10949.2,13.8,5,1,8.0,0.5384,0
34,31106.52,20316.23,26055.69,12.3,1,7,7.1,0.6531,0
48,77741.92,57981.03,26366.68,1.7,0,4,8.5,0.7458,0
51,48768.88,34188.8,49544.42,4.2,0,1,10.6,0.701,1
41,17432.09,4454.03,12891.17,12.5,1,3,10.0,0.2555,0
57,85372.27,40047.39,11702.25,5.6,2,1,1.8,0.4691,0
26,92110.77,5695.65,7536.89,9.6,2,3,6.1,0.0618,0
37,61658.84,12719.97,20536.72,20.6,2,2,7.2,0.2063,0
31,22995.35,1733.34,3871.47,5.4,0,3,17.2,0.0754,0
18,30224.0,7620.98,24856.38,14.4,3,6,2.5,0.2521,0
39,39626.62,27744.57,21381.22,9.9,1,7,13.6,0.7001,0
38,23807.92,6612.26,21333.98,25.8,3,3,12.6,0.2777,0
58,100248.56,45063.58,14921.83,9.9,1,6,9.4,0.4495,0
47,39600.45,13729.66,45541.65,5.6,0,12,9.6,0.3467,0
27,7172.37,2633.22,26838.56,8.1,2,2,6.1,0.3671,1
62,44516.42,34529.5,8220.1,4.0,2,1,6.7,0.7757,0
54,29469.34,6981.98,8338.65,12.0,1,4,12.6,0.2369,0
46,34719.06,17424.09,6609.48,6.3,4,2,4.8,0.5019,0
37,29109.75,9782.34,20765.05,8.1,0,8,9.1,0.3361,0
28,58937.21,2883.03,6002.25,15.0,1,4,5.6,0.0489,0
35,71097.87,27832.3,31783.85,3.7,1,3,11.0,0.3915,0
53,43037.71,28003.55,38498.66,13.9,1,4,7.2,0.6507,0
62,29626.17,2340.54,6612.96,2.9,1,0,4.0,0.079,1
58,35425.87,1972.28,11516.79,7.5,1,3,13.4,0.0557,0
34,36745.09,4516.16,13538.55,10.6,1,4,4.5,0.1229,0
26,22438.69,13721.71,27097.22,12.5,2,5,8.8,0.6115,0
41,51398.14,29769.61,48410.63,4.0,3,3,19.5,0.5792,0
18,47859.52,21633.18,3468.95,20.8,4,6,12.9,0.452,0
43,91515.6,34280.02,10357.39,10.7,4,4,9.0,0.3746,0
38,77127.09,54811.19,10798.76,12.6,2,2,6.1,0.7107,0
34,24066.96,14761.67,4356.67,10.7,2,6,22.7,0.6134,0
20,,38588.49,9062.61,4.1,0,3,8.8,0.6496,0
46,20525.6,13354.16,18811.34,5.1,1,4,9.0,0.6506,0
33,55136.06,28349.51,10689.92,16.1,2,3,9.4,0.5142,0
25,26636.33,9759.86,3882.77,16.4,2,0,4.8,0.3664,0
18,19654.23,13595.66,133154.6,2.0,3,3,8.2,0.6917,1
39,42960.11,31825.1,16530.17,11.9,1,4,8.1,0.7408,0
61,7297.3,138.98,14608.45,7.4,1,7,5.6,0.019,0
59,12700.73,523.83,5550.59,10.3,2,2,15.3,0.0412,0
34,32646.89,25039.99,16457.97,9.0,1,1,16.3,0.767,0
32,38157.02,8460.5,11715.04,8.9,5,3,7.2,0.2217,0
45,29097.53,20330.31,2948.88,4.7,1,6,16.6,0.6987,0
28,14077.57,4378.63,5674.83,14.1,2,5,10.4,0.311,0
43,22231.49,2118.22,25233.83,5.6,2,9,6.4,0.0953,0
49,45923.19,2955.37,63273.01,7.3,2,1,13.1,0.0644,0
54,51486.2,6446.4,17921.07,4.7,3,2,2.9,0.1252,1
38,35963.73,7189.67,32288.51,8.1,3,4,9.1,0.1999,1
37,72700.26,28412.33,11794.58,3.5,1,5,16.5,0.3908,0
29,46094.01,25867.88,12466.04,5.8,2,5,,0.5612,0
30,23191.16,18300.58,31977.35,14.0,0,4,3.9,0.7891,0
37,30690.2,10839.94,50524.91,3.9,3,4,8.5,0.3532,0
44,15650.85,6488.03,37830.74,,1,4,8.2,0.4145,1
50,34034.04,14207.6,5692.53,3.3,2,1,3.7,0.4175,0
30,70774.95,30542.75,12662.91,5.4,1,0,1.1,0.4315,0
57,54785.13,22691.59,16680.9,5.4,1,2,1.6,0.4142,0
36,84221.51,591.22,10853.66,13.3,0,5,17.0,0.007,0
39,30280.79,41.78,18220.2,16.5,2,4,1.6,0.0014,0
31,81443.1,6363.4,25756.99,6.6,1,1,14.9,0.0781,0
18,32338.62,2627.36,29799.53,3.5,1,3,3.3,0.0812,0
50,87811.79,49518.61,51467.0,6.0,0,6,5.7,0.5639,1
48,,5875.74,10264.51,6.3,1,5,4.2,0.1639,0
36,55511.13,39733.27,4486.25,5.8,0,2,5.2,0.7158,0
40,87997.83,65372.27,17793.49,7.4,2,3,13.7,0.7429,0
46,32336.23,25245.37,60297.68,4.7,0,4,4.8,0.7807,1
21,41399.89,31102.29,9121.77,3.6,0,2,13.0,0.7513,0
33,78693.67,17116.71,23143.69,2.2,1,2,5.9,0.2175,0
49,33530.08,13674.29,23309.04,13.0,0,5,8.1,0.4078,0
24,16439.87,2307.57,15570.82,9.0,1,3,3.4,0.1404,0
43,131374.1,84732.05,13433.94,11.2,1,5,10.9,0.645,0
23,27395.7,19471.37,6382.13,10.4,1,3,12.7,0.7107,0
45,39944.79,27203.64,2153.11,7.8,3,1,9.1,0.681,0
39,72664.19,25192.21,5489.1,7.4,3,4,5.7,0.3467,0
20,25207.67,15299.52,9776.69,20.5,3,3,7.0,0.6069,0
53,19836.51,1548.5,32142.62,5.9,2,2,4.8,0.0781,0
31,42287.31,1361.47,12301.76,8.2,3,2,3.4,0.0322,0
30,12383.92,7462.42,8820.02,6.2,1,1,10.3,0.6026,0
42,30554.17,10397.1,6549.94,4.2,1,4,4.7,0.3403,0
53,42067.18,33503.96,22594.11,25.4,2,3,9.8,0.7964,0
27,30885.09,2402.96,39604.01,10.9,0,4,11.6,0.0778,0
40,14384.83,9846.45,31280.45,5.3,3,4,7.5,0.6845,0
45,94514.33,36292.22,21696.79,4.6,1,4,15.5,0.384,0
48,38643.08,25570.9,4103.15,11.8,1,4,8.7,0.6617,0
42,85707.13,56026.91,10083.55,14.6,2,7,8.7,0.6537,0
35,31069.39,22767.45,63439.59,3.9,0,7,4.7,0.7328,1
30,21418.13,5103.51,32779.56,7.3,1,3,11.4,0.2383,0
41,42680.98,32430.69,3904.94,8.2,0,2,20.6,0.7598,0
27,31905.31,3871.19,12778.61,8.3,4,6,4.8,0.1213,0
18,17914.1,1174.72,17862.86,9.2,0,9,5.1,0.0656,0
45,87716.96,30288.0,7261.0,6.8,0,6,11.6,0.3453,0
50,25000.17,16566.57,2106.19,7.6,4,1,8.2,0.6627,0
18,12038.2,4559.31,14458.81,7.9,1,1,10.2,0.3787,0
27,80571.45,53453.46,7113.81,3.7,2,3,7.9,0.6634,0
47,26833.9,15664.27,7136.14,20.2,1,6,23.5,0.5837,0
64,25217.81,4225.06,10059.33,12.2,1,3,4.3,0.1675,0
40,12591.38,9558.18,12004.77,14.2,1,4,13.3,0.7591,0
31,103214.53,5018.8,13263.0,9.4,2,1,6.5,0.0486,0
37,16752.65,12038.85,6586.7,25.9,3,4,6.8,0.7186,0
56,37611.67,9160.5,11201.83,1.0,0,4,7.1,0.2436,0
32,62791.32,25123.97,3274.96,8.4,0,6,13.7,0.4001,0
30,46771.54,15803.24,17134.19,4.5,0,5,16.0,0.3379,0
34,35038.66,4816.68,1359.65,8.8,0,4,4.0,0.1375,0
28,13082.1,3748.25,10597.87,18.0,3,6,3.3,0.2865,0
41,22340.69,3448.23,27871.19,11.7,5,11,7.1,0.1543,0
59,40647.0,6629.9,5724.6,7.9,3,3,13.2,0.1631,0
43,22645.03,3388.73,23697.96,19.0,2,4,5.0,0.1496,0
36,41028.23,16050.81,33677.53,13.4,0,8,7.8,0.3912,1
36,54668.67,34897.48,947.36,11.0,3,7,3.2,0.6383,0
21,64699.05,29449.46,11836.1,10.8,1,7,5.2,0.4552,0
50,17401.16,12434.26,1338.6,13.0,2,8,10.8,0.7146,0
39,135670.93,69088.47,12154.24,5.6,0,5,3.7,0.5092,0
37,57554.5,31739.7,13283.3,5.2,0,5,3.0,0.5515,0
78,36278.17,19375.65,1833.47,4.2,0,4,10.6,0.5341,0
43,69823.22,25106.15,62309.59,5.8,2,4,9.4,0.3596,1
30,150128.17,82791.34,16794.6,18.4,2,3,6.7,0.5515,0
34,15317.76,854.21,6773.55,7.3,0,3,10.3,0.0558,0
53,31724.43,21822.64,43144.21,18.6,3,5,10.9,0.6879,0
41,8716.22,5423.67,3176.42,5.5,3,3,5.5,0.6223,0
22,40765.48,7997.53,4997.35,15.0,3,6,3.0,0.1962,0
51,45217.37,27782.73,2122.68,16.6,1,3,10.1,0.6144,0
31,35472.13,358.77,56434.51,8.9,1,2,3.4,0.0101,0
62,24520.87,4261.66,17428.76,7.2,2,1,16.2,0.1738,0
52,10617.84,553.29,22641.08,4.9,1,5,9.1,0.0521,0
34,45438.73,28362.02,16997.15,13.9,5,5,12.0,0.6242,1
55,86964.97,52587.66,21141.94,7.0,2,3,7.1,0.6047,0
40,25473.37,16580.84,14220.82,6.5,1,7,6.0,0.6509,1
50,47289.14,169.55,16593.01,10.1,0,3,15.9,0.0036,0
45,14173.27,5683.29,14560.72,11.7,1,5,9.4,0.401,0
29,47778.35,26940.73,8210.15,4.7,4,4,12.8,0.5639,0
32,28680.44,3565.58,12870.59,10.0,2,5,15.6,0.1243,0
52,22983.9,11947.78,16628.54,16.6,3,3,13.4,0.5198,0
35,23012.25,1548.45,14595.07,4.2,4,2,23.3,0.0673,0
35,28676.49,4159.83,4096.07,14.1,2,1,12.0,0.1451,0
28,45682.02,17388.29,4555.14,14.1,1,4,4.0,0.3806,0
45,16526.2,8640.76,31769.85,14.7,3,1,6.6,0.5229,0
64,28616.27,3339.38,10450.5,12.0,2,4,9.8,0.1167,0
27,35423.01,5248.93,21328.09,11.6,0,3,4.0,0.1482,0
40,18780.54,3071.69,5576.43,,2,6,10.3,0.1636,0
56,106723.76,20380.04,4111.25,10.0,2,3,7.1,0.191,0
39,,3944.14,6803.03,6.2,1,7,6.3,0.1812,0
45,24302.58,7682.51,11180.74,6.1,2,3,19.9,0.3161,0
27,20191.46,10560.77,7847.01,7.7,2,6,12.6,0.523,0
45,106840.04,37439.47,37614.57,12.5,0,4,9.7,0.3504,0
37,50601.84,31412.57,15423.05,7.9,0,5,11.2,0.6208,0
51,20703.23,11912.95,58638.74,7.1,1,4,,0.5754,0
54,70526.16,7138.77,18463.05,14.7,2,2,19.2,0.1012,0
71,40962.78,1600.55,1939.06,9.1,1,2,10.7,0.0391,0
46,42376.62,29763.36,31095.96,,2,6,5.8,0.7024,0
43,29534.48,1886.22,3993.24,4.2,1,6,9.2,0.0639,0
42,23163.9,2748.89,16065.46,3.9,1,3,16.3,0.1187,0
35,44473.98,787.48,7188.61,8.0,2,3,12.9,0.0177,0
44,26185.15,13162.47,74173.99,4.3,2,4,10.2,0.5027,1
36,108018.02,50325.21,42263.47,7.2,3,4,13.6,0.4659,0
42,16956.82,13387.8,7380.11,5.9,1,3,6.2,0.7895,0
55,91280.65,64767.81,12065.6,2.9,1,5,12.5,0.7095,0
27,33969.17,11164.8,16247.24,4.2,1,2,3.3,0.3287,0
53,43453.71,12917.43,26654.98,19.0,1,4,7.4,0.2973,0
55,59867.83,14217.51,13674.96,6.6,2,4,10.9,0.2375,0
38,24880.77,3033.6,5884.54,6.4,4,5,13.2,0.1219,0
18,60995.11,6737.94,7524.75,6.2,1,7,3.9,0.1105,0
32,7154.33,757.12,13311.91,9.4,1,5,9.0,0.1058,0
55,23576.51,2152.34,35866.74,8.1,0,4,8.8,0.0913,0
39,20859.45,4013.56,18812.38,21.4,3,2,1.7,0.1924,0
28,17118.18,4199.69,7195.91,15.2,1,5,10.9,0.2453,0
33,31921.25,24555.84,22442.2,21.0,0,5,5.2,0.7693,0
50,45773.01,21182.77,9802.69,12.3,4,4,7.0,0.4628,0
46,55359.08,43737.91,27236.86,11.5,0,6,10.0,0.7901,0
37,41962.27,12503.65,100872.07,4.0,2,4,7.3,0.298,1
35,24357.23,8917.21,10026.02,2.0,3,3,3.6,0.3661,0
35,45315.75,11766.82,25369.02,3.3,1,2,5.6,0.2597,0
28,39127.13,5724.7,7359.04,3.0,0,6,10.3,0.1463,0
59,63680.5,7293.44,12212.18,7.4,3,7,4.4,0.1145,0
36,57882.02,43762.47,13679.45,13.5,1,2,10.0,0.7561,0
54,36985.67,29198.28,11442.08,5.4,2,3,9.5,0.7894,0
58,21197.7,761.58,95837.66,4.7,1,5,7.3,0.0359,1
51,24544.18,2952.09,10453.85,12.9,2,5,11.8,0.1203,0
34,26111.38,8847.04,21364.4,4.7,3,2,13.7,0.3388,0
44,30056.68,4480.45,2852.44,18.4,1,3,6.8,0.1491,0
39,42652.03,12416.19,18875.07,,2,5,6.0,0.2911,0
29,55776.32,5760.42,33311.02,13.5,1,5,6.4,0.1033,0
43,35218.57,12862.15,8759.75,9.5,0,7,8.4,0.3652,0
25,36668.56,7970.12,1793.32,1.5,3,5,10.7,0.2174,0
54,39576.22,11141.66,12952.95,5.0,0,6,20.6,0.2815,0
34,26647.67,2010.57,13544.65,13.9,1,1,4.8,0.0755,0
42,20842.82,7138.72,23843.34,3.0,4,2,3.8,0.3425,1
43,12666.77,9963.76,66750.86,6.4,0,6,3.7,0.7866,1
36,23930.53,6295.32,9857.2,3.1,3,2,7.7,0.2631,0
47,48237.27,33821.24,6734.3,7.4,0,5,7.5,0.7011,0
34,23819.34,16067.56,5252.53,10.1,3,4,6.5,0.6746,0
50,31486.55,23981.63,15653.7,8.7,2,9,15.7,0.7616,0
23,48043.34,30367.6,19603.89,9.1,1,5,15.5,0.6321,0
41,49633.12,26190.28,8634.11,8.7,2,4,13.0,0.5277,0
63,19001.63,13021.2,24908.05,7.0,0,3,6.7,0.6853,0
27,66054.51,3997.34,19386.02,12.7,1,3,9.7,0.0605,0
31,71425.49,26446.33,13829.86,2.9,2,5,12.0,0.3703,0
46,18436.54,14590.77,6490.33,17.8,0,8,20.9,0.7914,0
42,22152.33,13638.75,9086.17,8.9,1,5,7.9,0.6157,0
44,74210.02,57116.51,1912.56,3.2,2,5,8.7,0.7697,0
45,33252.59,20739.89,16133.12,16.5,2,4,5.5,0.6237,0
47,9586.71,6709.79,13644.24,7.1,1,6,16.1,0.6999,0
53,15680.78,8863.15,15533.95,5.8,1,5,16.2,0.5652,0
44,31268.87,19024.03,19999.35,3.2,1,1,8.5,0.6084,0
37,18073.0,7564.32,18190.54,5.4,0,4,3.7,0.4185,0
48,28337.63,20952.56,12230.57,13.0,0,2,6.1,0.7394,0
62,37028.3,24439.83,13890.14,4.5,1,5,19.3,0.66,0
38,87321.57,58951.49,4343.98,13.2,1,2,4.4,0.6751,0
28,30507.49,16425.45,8375.14,6.4,1,5,9.8,0.5384,0
53,69114.86,16840.8,13910.19,4.1,1,7,11.2,0.2437,0
38,85584.21,2439.48,7415.42,5.6,1,2,3.6,0.0285,0
18,85869.66,64275.51,26585.48,10.5,1,4,4.4,0.7485,0
50,43081.66,20200.83,7887.97,9.1,2,2,9.0,0.4689,0
33,11181.62,2666.98,15883.63,19.0,0,6,10.0,0.2385,0
38,47882.0,5712.71,14665.49,6.6,0,2,6.1,0.1193,0
43,68120.94,45206.32,24270.63,13.4,1,5,8.6,0.6636,0
42,34591.38,23149.11,27464.04,7.4,4,5,14.1,0.6692,1
48,103440.34,67402.38,23277.12,4.8,2,3,20.8,0.6516,0
34,60833.76,31394.24,2477.97,3.6,1,3,1.9,0.5161,0
46,51070.59,14954.1,34728.59,6.7,1,2,15.6,0.2928,0
36,69691.14,16952.8,45335.54,8.0,1,4,4.4,0.2433,0
48,44356.83,303.57,9084.28,16.2,5,5,8.8,0.0068,0
47,8138.11,5427.19,16144.22,18.8,2,1,12.6,0.6669,0
28,26917.09,1882.75,6550.75,18.8,0,5,2.2,0.0699,0
53,74481.11,37583.47,2811.0,,1,1,5.2,0.5046,0
33,22369.31,9020.65,7398.46,4.4,1,8,11.1,0.4033,0
49,31758.53,13381.5,8672.3,5.4,0,4,6.7,0.4214,0
44,19401.36,14383.59,10057.96,7.3,2,3,7.0,0.7414,0
62,105910.91,2678.7,6203.5,2.4,3,4,3.8,0.0253,0
37,99597.81,61622.54,7429.84,4.2,1,3,4.2,0.6187,0
35,21368.62,889.83,13242.61,15.6,1,4,4.7,0.0416,0
39,39671.12,1210.88,7214.29,9.4,1,7,13.3,0.0305,0
36,24141.88,8301.29,20636.56,5.7,2,3,7.5,0.3439,0
49,52520.92,2650.21,23047.87,2.6,2,6,3.1,0.0505,0
20,49306.43,31127.9,89707.55,9.3,0,3,11.7,0.6313,1
27,59102.19,25038.67,32877.5,8.2,2,3,13.5,0.4237,0
27,44318.22,1029.56,16227.82,4.2,1,2,2.0,0.0232,0
51,211344.28,6847.67,8133.84,11.9,3,2,14.9,0.0324,0
60,19599.23,9606.27,16898.8,5.8,0,4,3.6,0.4901,0
38,13012.14,8391.39,17348.77,8.8,2,6,13.3,0.6449,0
37,28685.47,10046.79,8860.42,18.7,2,3,11.3,0.3502,0
40,14174.6,6288.77,25008.85,11.5,1,4,6.0,0.4437,0
53,14831.71,9490.27,4365.65,3.3,0,4,1.9,0.6399,0
28,19914.66,9726.42,10987.13,11.6,1,2,10.6,0.4884,0
42,20882.92,3754.92,20841.19,5.2,2,6,7.8,0.1798,0
51,20480.51,10044.49,10614.04,10.6,1,5,12.9,0.4904,0
46,49559.61,24909.83,11323.06,,0,2,8.5,0.5026,0
42,26803.47,15741.29,11965.36,8.8,1,4,7.6,0.5873,1
52,32607.29,16196.02,6846.68,3.4,0,6,9.8,0.4967,0
18,62102.38,48153.79,34170.59,1.8,1,5,8.1,0.7754,0
48,22930.12,3619.08,5916.91,14.9,3,6,15.6,0.1578,0
32,30985.43,23575.96,17232.07,17.5,1,9,6.9,0.7609,0
18,45227.29,19478.11,18600.03,5.0,2,5,13.5,0.4307,0
46,11328.3,6089.7,6254.79,1.6,1,3,10.8,0.5376,0
56,8682.43,690.85,14164.35,3.0,0,3,9.1,0.0796,0
38,44697.39,13608.6,6452.96,6.0,0,6,,0.3045,0
51,48786.48,30028.24,40653.25,13.3,1,6,7.4,0.6155,0
59,125308.26,70865.43,5372.1,1.6,3,4,3.4,0.5655,0
55,39928.95,1282.18,7917.91,16.0,2,5,5.6,0.0321,0
59,59387.78,25968.82,5017.16,14.9,3,7,5.4,0.4373,0
48,32296.57,2280.87,4509.05,15.8,1,3,13.7,0.0706,0
40,43405.28,34580.34,47713.62,4.0,3,5,8.2,0.7967,0
20,98750.73,70886.95,20624.19,13.9,0,5,14.5,0.7178,0
37,10153.81,171.24,14946.53,8.1,1,2,3.2,0.0169,0
29,46544.76,31972.51,7900.95,3.8,1,3,7.1,0.6869,1
66,130790.49,96202.12,27614.31,8.7,0,2,23.1,0.7355,0
37,43011.4,12165.28,6909.29,,0,6,9.4,0.2828,0
41,97767.14,56274.9,25207.87,3.0,2,4,5.0,0.5756,0
46,24896.26,8805.38,6647.47,11.2,3,13,4.0,0.3537,0
40,35623.88,18673.54,7977.61,7.7,0,1,11.9,0.5242,0
60,37053.38,10087.93,24504.84,6.3,1,3,7.4,0.2723,0
32,9599.3,2477.07,26663.79,6.1,1,5,13.6,0.258,0
42,18017.4,6117.76,21546.71,9.7,1,5,2.7,0.3395,0
31,18804.94,2189.91,5769.04,5.9,0,4,0.6,0.1165,0
24,59470.74,39542.76,9345.2,1.9,2,4,6.5,0.6649,0
32,61285.09,17095.99,15146.41,3.7,3,7,7.5,0.279,0
39,44109.12,14120.2,6772.16,7.8,0,3,3.1,0.3201,0
34,59543.46,42588.08,40005.42,,4,4,14.5,0.7152,0
31,32909.29,13074.83,1955.58,6.2,0,2,10.4,0.3973,0
23,74694.3,32522.13,7165.32,4.1,1,5,13.9,0.4354,0
39,36507.5,27935.48,8887.02,4.2,4,7,13.9,0.7652,0
21,37598.46,26671.64,1373.13,10.6,1,2,3.4,0.7094,0
49,30965.98,4198.16,4372.18,8.6,2,2,9.4,0.1356,0
40,54757.54,20729.67,22031.57,4.5,1,1,11.3,0.3786,0
22,28205.74,21916.9,13687.34,6.1,1,8,13.6,0.777,0
36,65242.01,19435.14,47028.49,12.2,1,2,17.7,0.2979,0
30,18411.13,5472.86,45990.09,3.6,2,3,16.4,0.2973,0
43,18781.92,2930.43,18890.93,13.1,2,2,3.5,0.156,0
56,54855.41,5016.99,17164.36,7.1,2,6,8.2,0.0915,0
18,34436.54,20394.83,14083.3,6.1,1,6,6.9,0.5922,0
41,27657.86,17037.92,1597.08,3.1,1,5,4.8,0.616,1
38,61947.01,48021.96,4378.02,28.3,3,4,6.2,0.7752,0
48,25226.32,15608.4,14480.24,10.0,1,5,17.3,0.6187,0
42,32205.07,6269.75,21868.89,1.9,1,2,9.4,0.1947,0
30,84081.07,2698.44,16843.77,8.9,0,9,1.6,0.0321,0
36,91444.31,72090.11,6542.2,14.8,1,3,2.4,0.7883,1
30,93287.27,25407.77,28280.42,9.3,3,3,6.7,0.2724,0
52,30660.32,7652.12,43737.24,12.3,2,3,21.6,0.2496,0
40,,55078.39,28293.62,5.5,3,2,3.3,0.7248,0
62,20550.25,9619.16,29486.25,5.0,1,1,13.3,0.4681,0
39,21075.33,3622.78,8540.88,6.5,1,8,8.6,0.1719,0
31,8863.76,6304.59,31594.78,8.1,0,2,11.7,0.7113,0
21,99083.77,78740.75,15012.03,5.6,0,5,12.1,0.7947,0
18,21625.15,1499.55,20115.47,7.0,0,1,20.9,0.0693,0
20,33660.5,23219.06,17896.23,3.7,1,4,12.8,0.6898,0
43,21032.11,6570.7,12122.4,2.4,2,3,7.0,0.3124,0
46,55110.7,23105.6,6714.32,4.6,4,3,5.6,0.4193,0
21,28987.49,21214.58,12510.09,20.3,1,5,18.1,0.7319,0
50,16599.2,12925.85,29419.39,15.5,1,5,6.3,0.7787,0
34,47334.63,9927.55,9384.54,9.0,1,6,9.6,0.2097,0
41,15363.69,2616.14,27300.98,2.8,3,3,3.0,0.1703,1
59,21972.71,1415.33,24092.52,7.4,1,1,3.2,0.0644,1
50,10258.55,4610.59,10518.07,8.5,1,2,8.3,0.4494,0
36,15454.03,168.19,40580.38,5.4,1,2,3.2,0.0109,1
29,40421.52,13319.64,10052.36,16.0,1,2,9.3,0.3295,0
18,11173.26,655.95,44695.92,3.6,2,5,3.2,0.0587,0
31,14932.76,4840.91,18907.27,10.6,3,7,13.0,0.3242,0
37,36263.92,1158.48,13191.23,3.6,3,2,6.4,0.0319,0
28,26208.42,17511.78,6566.65,3.9,0,5,11.9,0.6682,0
38,119997.0,20134.44,12448.95,7.4,2,6,11.6,0.1678,0
40,109134.67,28663.89,11350.22,1.5,2,5,11.1,0.2626,0
37,21574.05,15016.37,4882.26,8.7,0,7,9.9,0.696,0
32,50730.5,30286.76,11225.1,5.7,1,4,9.7,0.597,0
42,56929.53,9975.8,7023.08,7.0,2,4,6.7,0.1752,0
45,25374.82,1459.55,21349.71,4.9,0,4,7.7,0.0575,0
26,14804.33,8476.06,37987.95,15.8,1,5,18.1,0.5725,0
56,36048.51,11267.4,5006.38,12.8,2,6,,0.3126,0
38,32738.03,20063.96,52567.12,10.6,4,0,7.7,0.6129,1
40,27960.31,9960.46,12054.09,4.0,3,10,4.5,0.3562,0
48,47353.22,13107.46,6124.07,11.3,6,4,4.4,0.2768,0
42,23145.65,8354.75,24494.5,9.4,2,2,9.1,0.361,0
51,18193.17,10894.93,9347.24,26.1,3,3,13.2,0.5988,0
43,38771.85,27984.6,12514.09,2.8,1,3,11.5,0.7218,0
32,45779.06,1822.64,9668.01,6.7,2,6,39.7,0.0398,0
44,17926.1,7516.22,6950.78,5.0,1,4,3.5,0.4193,0
26,63376.88,1664.81,23841.85,9.5,1,2,4.8,0.0263,0
41,12552.95,4703.94,10624.94,2.5,2,4,14.9,0.3747,0
39,25671.38,18181.15,4233.05,11.8,3,4,5.7,0.7082,0
37,31107.21,8998.45,20761.34,2.5,3,3,6.0,0.2893,0
38,24791.74,18493.65,5092.55,9.6,1,6,21.5,0.746,0
18,25873.22,13052.7,5310.24,6.1,3,2,12.0,0.5045,0
33,111596.47,83398.75,34685.78,4.3,0,2,11.2,0.7473,0
41,21795.73,13202.4,5130.34,3.6,1,3,2.2,0.6057,0
41,157114.96,13000.97,2094.03,5.0,3,4,9.0,0.0827,0
27,47205.99,8729.38,21988.81,6.3,2,2,5.1,0.1849,0
55,38377.75,12101.9,10476.7,7.7,3,3,5.7,0.3153,0
29,48326.93,6576.59,11224.74,8.3,0,1,17.5,0.1361,0
51,165703.72,65606.96,10387.93,6.8,3,1,4.4,0.3959,0
45,20007.13,7544.58,16080.07,6.0,2,3,7.8,0.3771,0
32,,14184.14,7316.04,18.3,2,2,9.2,0.765,0
61,23088.28,8011.22,43516.35,11.4,1,7,6.4,0.347,0
25,37022.68,23268.81,4101.12,2.8,4,4,4.3,0.6285,0
51,12894.26,9716.19,19070.54,5.4,0,3,8.8,0.7535,0
52,36805.54,25822.44,22330.23,7.2,4,5,8.8,0.7016,0
31,100320.79,16746.96,7275.58,4.4,1,4,10.5,0.1669,0
56,39769.06,15781.31,5890.01,6.3,0,1,13.2,0.3968,0
36,30466.67,8475.58,30143.95,3.0,2,6,5.1,0.2782,0
43,25061.89,8016.97,6046.96,8.0,2,3,4.1,0.3199,0
43,62262.03,17971.65,8222.82,21.8,2,4,8.3,0.2886,0
38,22125.82,14627.1,27169.41,8.3,1,5,4.4,0.6611,0
49,109956.22,39772.4,13736.24,8.3,3,2,12.2,0.3617,0
49,115845.87,48534.26,3172.53,6.8,1,5,7.0,0.419,0
19,42363.84,33296.19,54049.05,3.5,0,5,16.8,0.786,0
55,36065.46,1730.54,8742.85,19.3,1,4,5.3,0.048,0
20,67399.7,26310.56,9679.78,8.8,3,4,8.9,0.3904,0
52,70044.01,43374.71,16393.29,10.6,1,4,,0.6192,0
53,22390.79,2707.71,22027.82,6.0,1,6,3.6,0.1209,0
26,26477.93,12953.67,64143.85,10.8,1,2,6.2,0.4892,0
35,16425.52,3146.67,3540.22,19.2,1,8,5.1,0.1916,0
26,46417.83,32210.41,25867.99,15.7,3,4,4.3,0.6939,0
37,54175.1,14176.53,24207.26,0.3,2,6,2.6,0.2617,0
36,16155.97,4253.06,11971.31,15.1,4,1,13.0,0.2633,0
49,27636.17,13225.43,25079.82,4.0,1,4,6.3,0.4786,1
55,16181.88,2376.31,28209.64,4.2,0,1,39.3,0.1469,0
56,21178.04,4826.71,4422.36,3.0,4,2,10.2,0.2279,0
33,50544.54,16846.77,54166.24,3.9,0,8,4.3,0.3333,0
37,23386.42,6616.26,3839.09,9.7,0,4,7.7,0.2829,0
19,30318.23,12730.68,5387.02,8.2,4,7,6.6,0.4199,0
30,13678.94,6561.95,10835.36,11.0,2,7,6.2,0.4797,0
51,40627.24,18417.71,62314.69,7.7,1,7,9.6,0.4533,0
59,35363.52,18506.96,10439.95,4.0,1,4,7.2,0.5233,0
25,23449.97,5773.37,13022.75,11.6,1,4,9.9,0.2462,0
32,32421.97,3279.19,42010.0,6.4,3,5,6.1,0.1011,1
39,40464.36,24628.47,10506.46,11.8,0,4,3.6,0.6086,0
43,22271.86,15158.77,5204.35,8.9,1,2,8.4,0.6806,0
30,14976.57,3079.26,9568.31,8.1,1,8,5.7,0.2056,0
45,107295.79,34943.4,39999.95,21.2,1,4,14.6,0.3257,0
34,24835.67,9905.84,14139.0,2.0,0,3,8.0,0.3989,0
39,34267.2,14620.49,62600.38,2.1,3,7,3.3,0.4267,1
46,66602.93,35139.18,24109.18,5.0,4,7,3.8,0.5276,1
40,301773.83,10043.81,7975.69,11.9,0,5,11.6,0.0333,0
34,17211.07,9933.91,13916.93,5.4,3,1,2.4,0.5772,0
38,47567.09,2358.22,6750.86,6.5,4,7,15.5,0.0496,0
38,23753.11,8898.65,7826.37,2.2,1,3,2.4,0.3746,0
35,26284.27,17403.79,480829.2,11.6,1,4,6.5,0.6621,1
36,23573.37,8509.33,30178.94,2.3,0,2,20.0,0.361,0
59,18483.01,2204.5,26605.64,6.0,2,3,11.3,0.1193,0
46,35426.85,27917.32,8114.89,1.5,3,4,10.3,0.788,0
36,14992.4,10666.02,46895.04,13.1,1,5,3.7,0.7114,0
48,64092.62,39548.41,32193.91,2.1,2,7,18.5,0.6171,0
35,37533.97,12356.53,60192.14,5.8,0,3,10.4,0.3292,0
54,46791.69,6881.96,57901.08,5.0,0,4,19.8,0.1471,1
44,27454.54,20676.81,4091.75,,1,2,,0.7531,1
38,29134.48,12407.82,5497.94,8.4,4,2,5.7,0.4259,0
45,43154.34,29426.27,5984.75,20.6,1,4,3.5,0.6819,0
21,18062.07,4943.16,6278.26,2.8,0,4,5.3,0.2737,0
26,29295.98,7858.08,17305.19,15.1,2,3,5.5,0.2682,0
25,21681.87,17094.69,8489.26,16.9,1,4,12.7,0.7884,0
41,21282.89,8884.89,70128.1,20.1,4,7,7.0,0.4175,1
60,10240.41,1152.62,61312.8,7.7,1,5,10.6,0.1126,1
66,81112.79,14254.74,13290.84,3.2,1,4,9.6,0.1757,0
47,24054.49,9274.34,63848.03,10.0,0,4,3.1,0.3856,0
46,72986.2,2479.83,43936.81,2.4,2,3,9.9,0.034,0
18,68959.55,25516.91,9315.5,14.1,0,4,10.3,0.37,0
33,16787.67,5626.43,2677.47,7.2,0,2,9.8,0.3352,0
30,18900.68,11783.99,11221.93,9.3,3,2,6.9,0.6235,0
32,168771.63,47923.31,7976.88,20.1,2,3,19.5,0.284,0
37,103834.71,81618.13,15759.59,8.3,5,2,14.1,0.786,0
34,35635.19,5153.42,14348.24,3.2,1,7,4.2,0.1446,1
18,42379.66,20036.65,14050.51,7.2,3,6,20.4,0.4728,0
48,24871.86,1784.79,20311.61,5.1,1,6,8.0,0.0718,0
27,47070.96,27634.95,5064.36,8.9,6,5,6.8,0.5871,0
42,23616.26,18793.89,18566.02,5.9,1,5,3.9,0.7958,0
64,10727.74,7030.01,9398.52,4.7,4,2,7.7,0.6553,1
28,16433.32,7305.64,15677.56,7.3,1,4,11.5,0.4446,0
18,36778.02,14262.26,28736.63,3.1,1,3,6.6,0.3878,0
36,18423.08,12307.06,5016.46,7.0,4,9,11.2,0.668,0
53,34878.77,26116.5,10667.59,10.3,0,2,18.0,0.7488,0
63,19057.26,15081.25,12151.07,17.5,2,3,17.2,0.7914,0
25,22710.61,7204.52,8853.65,5.2,0,8,19.3,0.3172,0
45,60590.85,48032.43,27442.92,22.6,1,7,7.3,0.7927,0
34,42128.86,5255.2,7507.74,9.4,0,6,10.2,0.1247,0
38,36105.53,7323.64,8567.06,6.1,4,6,8.1,0.2028,0
71,61536.05,4382.16,7570.88,6.6,1,1,12.5,0.0712,0
21,48453.76,10533.4,32004.9,7.5,1,4,11.1,0.2174,0
43,86503.31,53143.31,9009.59,5.7,3,2,7.3,0.6144,0
45,27559.0,18804.59,19303.4,4.8,3,4,9.3,0.6823,0
53,28063.33,17486.66,64897.48,8.7,2,4,10.2,0.6231,1
41,16636.17,8398.81,12583.54,1.9,0,2,17.3,0.5049,0
43,28074.35,11543.42,32521.24,4.3,1,5,8.0,0.4112,1
35,64787.11,36731.92,50872.78,11.7,0,4,11.8,0.567,0
43,79220.66,24769.67,30386.49,1.6,2,1,7.0,0.3127,0
35,64613.79,43488.1,13181.36,9.7,2,2,9.2,0.673,1
47,12375.63,6704.52,22330.0,8.1,3,4,7.4,0.5418,0
35,69555.98,38829.19,4769.98,5.0,0,2,4.5,0.5582,0
44,12050.83,5166.78,7157.85,5.8,1,2,3.1,0.4287,0
39,62247.3,44082.49,8235.92,7.3,0,6,6.5,0.7082,0
53,29124.33,5871.81,80216.92,9.9,0,1,7.3,0.2016,1
39,55354.87,16878.7,6973.92,9.3,1,2,10.1,0.3049,0
18,16326.27,10156.8,6891.32,14.5,2,5,13.0,0.6221,0
55,73328.2,28905.91,5795.65,9.0,1,4,5.0,0.3942,0
29,15078.35,10726.3,20907.21,16.1,2,5,6.4,0.7114,0
32,24316.9,6738.69,14974.4,1.8,7,10,11.6,0.2771,0
32,19953.17,5895.45,31869.58,14.4,1,1,8.3,0.2955,0
56,12675.54,9012.16,22856.89,6.2,5,1,4.5,0.711,0
18,38434.72,14278.35,4427.93,8.4,2,6,8.9,0.3715,1
77,107328.93,44316.08,7003.59,11.0,2,5,4.7,0.4129,0
52,179897.61,47890.72,39825.51,3.7,0,5,11.2,0.2662,0
42,38495.38,8520.41,11354.41,6.6,0,6,19.7,0.2213,0
39,70969.73,37242.0,34546.91,15.2,0,6,11.7,0.5248,0
43,41741.74,4001.89,11852.04,17.5,0,5,15.6,0.0959,0
46,48987.96,34459.02,6160.26,5.0,2,5,3.4,0.7034,0
47,29575.77,18436.43,10481.75,10.6,2,4,9.4,0.6234,1
46,40824.85,6229.82,6158.33,5.8,2,8,11.6,0.1526,0
41,50135.63,27836.1,8497.76,2.5,0,2,,0.5552,0
37,25666.04,12373.76,15689.4,16.8,3,4,9.3,0.4821,0
38,34665.61,5117.62,20116.27,3.7,3,4,9.4,0.1476,0
37,35064.41,7663.78,3743.76,27.0,1,4,3.1,0.2186,0
53,59625.7,19508.89,13175.38,3.0,2,2,8.3,0.3272,0
47,19156.18,10715.86,8355.77,14.1,1,2,10.1,0.5594,0
18,35209.62,17991.37,7952.71,13.7,0,4,11.7,0.511,0
47,114371.05,48697.81,14855.83,5.8,2,3,3.7,0.4258,0
42,73016.16,44885.11,8601.04,9.1,0,2,2.2,0.6147,0
39,81593.71,49474.36,40364.68,5.9,1,6,9.3,0.6064,0
35,36851.78,18215.37,34559.91,4.3,1,4,6.7,0.4943,1
53,44028.77,27720.16,34387.99,10.1,4,3,15.7,0.6296,0
51,66260.0,17718.63,8991.83,12.5,6,4,23.6,0.2674,0
30,92610.08,65290.07,6185.73,4.8,5,5,12.1,0.705,0
44,11260.3,5539.26,14265.85,16.8,0,5,18.5,0.4919,0
28,16493.72,10851.07,11845.71,9.0,4,4,5.7,0.6579,0
23,79671.44,34818.27,8208.63,7.6,0,3,11.9,0.437,0
32,30756.8,5374.77,5215.62,7.8,2,4,5.3,0.1748,0
50,24269.3,10531.13,12923.28,16.5,1,3,12.6,0.4339,0
51,17111.46,5080.21,9669.62,6.3,0,4,10.5,0.2969,0
46,26029.61,14524.5,23171.48,6.5,0,4,13.0,0.558,1
48,15655.51,5959.04,22744.64,16.3,5,1,4.4,0.3806,0
46,127345.17,85179.94,32229.58,17.0,2,4,11.8,0.6689,0
32,35829.91,19436.22,4878.36,13.6,3,3,1.4,0.5425,0
45,,19208.04,18413.63,3.2,2,6,15.1,0.5476,0
49,51681.03,8978.25,7465.35,22.2,2,7,,0.1737,0
49,64692.92,50939.19,5032.48,8.5,1,6,9.3,0.7874,0
54,64057.28,43132.34,9481.69,7.5,4,3,6.0,0.6733,0
48,69159.67,43653.85,31412.59,13.6,1,3,30.3,0.6312,0
44,24871.87,6570.46,9918.38,9.7,1,2,9.2,0.2642,0
52,30372.11,13014.61,46740.38,5.9,3,3,8.6,0.4285,0
39,57608.13,6318.61,20725.14,18.4,1,6,8.1,0.1097,0
29,26464.69,11400.48,9747.12,7.5,1,7,6.4,0.4308,0
38,36204.4,4225.47,33794.01,8.4,0,4,12.1,0.1167,0
31,,20410.11,19078.5,18.3,1,5,13.3,0.4424,0
31,58169.19,30188.5,6335.68,13.1,0,5,12.3,0.519,0
38,12498.84,3901.6,59103.3,11.2,0,3,22.5,0.3122,0
30,55761.97,22239.88,16441.81,5.8,0,8,4.1,0.3988,0
36,31563.78,22111.14,13562.13,10.0,1,6,8.5,0.7005,0
18,,4821.83,6738.37,10.4,2,3,2.6,0.0869,0
42,57881.84,36661.57,34325.05,10.2,2,1,7.9,0.6334,0
40,95296.56,13017.86,20207.73,7.6,3,2,12.6,0.1366,0
30,81803.24,2402.27,22101.27,4.8,0,4,4.4,0.0294,0
47,81466.16,12094.44,8901.5,14.2,2,3,3.3,0.1485,0
51,86353.29,52851.2,26037.17,5.6,1,4,3.1,0.612,0
20,43253.24,14018.41,27707.29,8.1,0,7,3.1,0.3241,0
30,37023.61,25843.09,7824.2,1.2,2,4,13.6,0.698,0
30,61309.51,25735.65,4300.16,12.9,2,5,3.9,0.4198,0
28,56344.99,1002.96,21270.97,4.2,3,7,12.9,0.0178,0
49,30168.7,17297.85,3794.56,10.4,0,3,7.0,0.5734,0
37,46299.85,4083.01,15087.36,3.4,2,4,4.8,0.0882,1
36,35558.77,22455.5,9341.33,7.0,1,6,9.4,0.6315,0
18,21755.9,2925.78,35416.47,6.6,0,3,7.8,0.1345,0
47,78769.13,21768.41,9756.85,4.3,1,4,5.8,0.2764,0
25,37538.39,22861.52,32396.91,9.1,2,1,2.4,0.609,0
40,124147.41,94772.28,8854.07,2.9,2,4,5.3,0.7634,0
43,13693.88,4069.1,29732.4,12.1,2,3,6.5,0.2971,0
56,26002.1,17252.92,69443.81,12.5,0,3,8.0,0.6635,1
24,37033.69,5652.59,5684.86,4.6,1,4,8.4,0.1526,0
18,71856.67,46401.0,16875.68,16.4,2,4,5.4,0.6457,0
42,46151.36,24275.4,120454.33,7.1,0,3,9.7,0.526,1
61,43751.61,6746.27,14090.71,4.0,1,2,11.7,0.1542,0
54,18465.17,4468.63,14036.7,2.2,1,1,17.6,0.242,0
42,18139.28,1912.18,25104.42,0.6,1,6,13.0,0.1054,0
34,44068.6,13501.46,13806.08,15.9,0,4,2.8,0.3064,0
49,16019.09,2609.81,3409.15,5.0,2,3,13.4,0.1629,0
28,26393.51,13597.89,33051.75,6.3,1,3,16.8,0.5152,0
45,49047.79,39022.62,2690.93,5.9,1,3,19.2,0.7956,0
46,20142.87,193.52,9571.71,13.8,2,4,3.6,0.0096,0
52,95150.35,41174.97,35099.45,10.7,0,1,7.2,0.4327,0
73,75687.01,34735.29,10044.35,8.5,0,7,2.7,0.4589,0
44,14145.45,10345.52,7669.78,3.1,0,2,7.1,0.7314,0
33,20755.72,8402.0,26995.11,18.8,1,7,4.9,0.4048,0
39,9214.5,4007.95,6762.23,10.9,1,7,8.8,0.435,0
18,22707.38,8568.0,5025.19,11.0,2,3,11.9,0.3773,0
31,57516.84,12373.22,16640.77,3.3,0,5,7.4,0.2151,0
35,28329.62,1269.83,11541.0,3.8,0,4,24.2,0.0448,0
33,47881.21,15653.62,4939.71,8.3,0,2,11.2,0.3269,0
41,14568.24,612.93,22238.09,8.5,1,6,11.2,0.0421,0
30,58617.3,25814.71,19372.12,4.3,2,4,11.7,0.4404,0
53,26028.16,6398.63,10018.57,3.4,4,3,3.2,0.2458,0
40,36581.64,15616.04,10582.26,5.5,0,5,11.9,0.4269,0
39,34347.18,3690.18,19463.85,6.5,0,1,5.1,0.1074,0
36,16933.87,12634.43,34623.54,3.1,0,5,10.8,0.7461,0
41,18181.31,13010.85,10654.8,11.1,2,4,8.2,0.7156,0
49,64904.79,9865.35,22555.87,11.5,1,9,7.4,0.152,0
29,46138.14,12676.7,20997.53,10.5,0,2,5.1,0.2748,0
32,68188.38,33466.46,26996.05,3.2,1,3,6.5,0.4908,0
36,44125.58,3377.77,13786.53,5.5,3,8,7.7,0.0765,0
23,39568.73,11223.84,6439.07,12.3,2,4,5.5,0.2837,0
30,12892.4,2589.95,9228.03,8.9,3,6,2.3,0.2009,0
34,30877.41,22615.03,17575.88,16.5,2,4,12.1,0.7324,1
50,,24363.86,57226.45,15.2,3,3,1.2,0.682,1
43,117226.63,54377.47,9070.51,7.8,0,8,5.4,0.4639,1
42,54839.94,22828.61,25433.69,5.4,0,3,6.6,0.4163,0
50,91275.41,67961.9,10275.88,12.0,1,4,7.4,0.7446,0
38,51975.23,38770.52,14594.13,12.7,2,4,19.5,0.7459,0
44,23699.71,18378.27,44905.58,13.6,0,5,12.5,0.7755,0
38,38959.37,3907.75,24622.95,8.8,2,4,1.7,0.1003,0
43,41845.28,5374.87,4949.1,5.0,6,7,14.2,0.1284,0
33,20671.41,11191.28,8450.83,10.4,0,6,2.5,0.5414,0
18,28835.64,12490.09,36496.7,10.6,1,6,9.7,0.4331,0
38,32097.7,474.17,14965.49,11.8,1,7,10.5,0.0148,0
57,,4718.3,5329.05,5.8,1,4,3.9,0.0496,0
51,10420.76,7403.58,6938.48,1.8,2,7,5.0,0.7105,0
51,74868.69,52040.97,23453.96,10.3,1,7,5.8,0.6951,0
54,20700.7,5916.61,29599.96,2.7,0,5,5.3,0.2858,1
41,15942.64,11364.56,13551.93,12.4,2,1,3.3,0.7128,0
42,73715.27,35010.33,96785.36,8.6,1,2,11.0,0.4749,1
32,56338.81,36323.01,25830.78,5.3,2,9,3.5,0.6447,0
36,77088.64,26360.06,10995.21,16.2,4,4,6.4,0.3419,0
47,58713.28,5326.39,6956.52,6.3,1,2,5.8,0.0907,0
54,124979.75,43365.68,6124.75,8.6,2,1,5.9,0.347,0
38,50778.8,18576.91,17471.69,5.6,1,2,6.9,0.3658,0
34,33061.13,14571.87,9036.06,8.1,0,3,7.8,0.4408,0
40,44611.9,3768.2,50970.13,10.7,1,5,0.6,0.0845,0
47,76579.25,60736.65,43176.4,5.9,0,4,3.8,0.7931,0
22,22751.24,4443.53,22169.07,7.1,1,3,,0.1953,0
18,24559.82,3901.13,5202.02,12.3,1,2,11.5,0.1588,0
33,30170.62,12715.18,7802.7,1.9,0,4,1.6,0.4214,0
25,10272.75,4414.88,36480.82,12.7,4,2,4.4,0.4298,0
33,39452.28,13881.54,8514.68,14.2,2,3,7.1,0.3519,0
38,11711.46,7231.99,32784.57,4.0,1,1,3.7,0.6175,0
34,37490.23,15495.59,19529.53,2.3,1,0,7.3,0.4133,0
57,61033.24,29769.35,13924.07,3.3,0,2,4.1,0.4878,0
43,27279.05,15794.49,7613.92,4.4,2,2,13.7,0.579,0
43,99336.62,1988.73,12389.5,3.6,0,4,12.1,0.02,0
47,15118.88,6902.0,15548.48,11.2,0,4,17.3,0.4565,0
26,74217.59,52498.23,30516.75,7.3,0,3,11.3,0.7074,0
52,54452.4,757.49,6577.51,9.5,0,3,10.2,0.0139,0
39,12969.82,4204.11,10826.44,13.5,0,3,3.9,0.3241,0
48,184697.86,136857.78,13847.48,11.9,0,1,4.9,0.741,0
27,34952.76,9874.98,22700.51,18.2,1,1,10.7,0.2825,0
21,21450.64,7872.02,6458.99,15.0,2,2,5.8,0.367,0
49,15611.26,12258.48,4659.88,,0,4,11.8,0.7852,0
44,31824.42,5074.69,22906.41,6.9,1,4,2.9,0.1595,0
29,33642.85,1756.3,3966.51,10.4,1,4,8.3,0.0522,0
29,38622.39,26554.36,37346.1,18.6,2,5,7.4,0.6875,0
53,30373.39,21102.59,11792.97,6.3,1,6,,0.6948,0
25,53100.16,20053.93,3873.74,10.9,5,5,7.9,0.3777,0
59,28779.6,11838.94,9096.67,21.6,1,2,3.8,0.4114,0
29,11373.27,7604.68,18093.33,11.6,3,5,7.3,0.6686,0
47,,19617.67,8724.05,4.1,1,5,2.8,0.5908,0
36,8773.7,1861.07,13575.52,2.4,1,2,5.0,0.2121,0
47,44903.11,606.85,24150.56,4.6,2,6,14.7,0.0135,0
33,20179.45,7744.07,11364.48,7.2,2,4,14.5,0.3838,0
38,40055.3,27523.19,6312.92,20.6,2,4,7.0,0.6871,0
40,79893.12,57256.82,10517.68,13.9,2,4,8.9,0.7167,0
27,20552.77,15722.48,41434.62,6.2,1,3,16.6,0.765,0
48,68648.44,48304.52,51433.83,4.2,0,6,6.7,0.7037,0
33,28000.18,12993.06,2654.63,4.2,2,7,3.1,0.464,0
37,103976.16,36982.71,31978.6,23.9,3,7,9.6,0.3557,0
28,29170.36,18082.12,16319.54,3.9,0,2,6.0,0.6199,0
18,21932.05,12980.64,27978.35,12.6,2,3,16.0,0.5919,0
37,54849.21,23613.39,8600.79,,1,2,4.5,0.4305,0
68,27959.89,1953.33,3246.68,6.8,1,3,5.3,0.0699,0
49,21919.46,16239.36,21324.05,3.6,3,6,8.5,0.7409,0
39,27263.28,9936.98,6293.16,10.5,2,6,14.8,0.3645,0
36,35356.45,10276.95,4400.03,19.7,2,1,11.7,0.2907,0
40,81251.79,40922.78,4653.05,3.3,0,6,8.6,0.5037,0
46,11379.26,6134.22,21606.1,8.4,1,4,11.3,0.5391,0
25,36821.91,6206.35,14936.48,11.9,2,7,20.1,0.1686,0
53,52835.69,35376.19,24983.55,19.0,0,2,7.4,0.6696,0
48,40784.98,9460.06,22816.98,2.0,2,3,3.4,0.2319,0
48,79691.57,11901.71,9540.04,11.1,1,6,8.5,0.1493,0
45,34731.17,11291.79,12627.36,18.8,1,5,16.1,0.3251,0
40,32508.9,18999.76,8873.73,12.7,1,4,4.5,0.5844,0
48,51813.07,40018.68,11290.74,5.4,1,3,3.8,0.7724,0
47,38545.26,24955.17,6162.24,8.6,2,4,13.1,0.6474,0
35,28731.66,21614.22,18258.53,13.8,2,6,3.8,0.7523,0
33,49497.94,5567.76,31574.23,14.3,2,6,9.9,0.1125,0
41,24550.39,1397.93,6951.48,12.6,0,7,7.2,0.0569,0
58,25167.12,11228.66,37235.42,9.1,1,4,11.2,0.4462,0
25,26455.08,6143.87,14629.82,7.6,1,6,13.4,0.2322,1
22,81784.38,54177.57,16201.57,14.9,3,4,4.5,0.6624,0
41,5257.39,2826.32,3430.48,10.6,0,4,3.9,0.5376,0
40,46044.3,35757.2,3146.95,8.8,1,2,14.0,0.7766,0
42,37069.99,7556.12,14992.32,5.0,1,2,10.0,0.2038,0
42,13246.36,5147.9,25129.2,4.8,3,11,5.7,0.3886,0
37,43732.03,17536.21,7807.93,7.7,1,2,1.5,0.401,0
57,48312.77,9244.23,50821.52,,1,4,3.0,0.1913,1
20,51729.5,24420.19,24051.41,11.0,0,5,9.6,0.4721,1
30,7397.54,2623.38,6459.63,10.6,2,4,6.9,0.3546,0
38,82440.63,29462.41,13693.53,8.5,1,3,14.0,0.3574,0
20,23326.79,6769.19,96910.52,14.2,0,5,13.7,0.2902,1
37,54827.14,742.55,4944.09,15.7,3,3,5.5,0.0135,0
59,56649.83,23661.29,20386.25,3.9,2,7,8.7,0.4177,0
40,21460.77,5755.74,10319.64,5.6,2,2,12.5,0.2682,0
42,53974.98,56.99,23517.9,23.6,2,4,6.1,0.0011,0
24,28816.52,7099.09,36820.83,7.4,0,7,14.3,0.2464,0
32,10479.47,2335.9,9808.56,7.6,1,6,16.5,0.2229,0
35,73177.64,23033.29,32699.98,4.8,3,2,10.3,0.3148,0
36,22810.43,2406.08,78981.01,14.4,0,5,5.7,0.1055,1
55,21748.58,8833.12,14087.17,27.0,2,4,17.0,0.4061,0
46,28514.29,15795.56,25032.02,4.8,5,7,7.5,0.554,1
26,42759.3,21557.04,8330.24,14.9,0,6,4.7,0.5041,0
42,35088.82,22562.25,13567.16,4.3,1,6,4.8,0.643,0
45,50455.15,18244.92,11598.83,13.6,0,4,6.1,0.3616,0
53,16257.45,6751.29,25274.44,4.4,0,4,14.6,0.4153,0
58,23261.81,15081.13,35022.32,1.9,0,6,8.4,0.6483,0
27,33873.96,11590.35,12237.69,23.4,1,8,9.4,0.3422,0
30,113406.32,63652.64,45565.14,6.1,2,0,13.0,0.5613,0
24,33918.39,11792.81,45435.0,2.9,2,2,4.0,0.3477,0
37,69642.71,23273.82,26304.18,9.1,0,4,8.6,0.3342,0
45,37165.39,22602.67,8841.21,11.6,2,1,5.8,0.6082,0
51,27168.26,3800.01,8188.92,15.2,2,1,2.2,0.1399,0
39,31318.53,8483.21,6975.05,7.2,2,3,10.2,0.2709,0
36,32825.08,5886.78,28547.73,6.9,2,4,10.8,0.1793,0
41,52166.06,14986.68,5067.41,6.1,2,1,10.2,0.2873,0
29,82848.32,15268.93,22959.11,8.6,1,5,,0.1843,1
65,45062.63,20887.63,5625.77,12.3,5,3,14.2,0.4635,0
20,74031.55,47271.86,25818.25,10.0,2,5,8.3,0.6385,0
42,20355.9,12809.77,13545.04,6.0,2,5,5.2,0.6293,0
64,28317.12,8257.29,38828.54,8.3,0,5,13.1,0.2916,0
40,23515.58,18601.02,33295.04,3.5,2,5,16.8,0.791,0
37,43856.0,20835.26,42110.5,7.3,2,5,7.9,0.4751,0
35,29278.98,9355.23,42987.08,6.7,4,3,12.4,0.3195,0
37,56267.01,37610.64,14986.49,15.3,0,5,1.8,0.6684,0
56,20772.78,12129.21,5286.78,9.1,1,3,11.1,0.5839,0
18,37265.33,22337.59,5755.9,7.4,0,3,10.7,0.5994,0
58,54836.69,8604.51,2516.24,8.0,1,3,4.7,0.1569,0
22,10517.74,3940.57,5614.27,7.3,1,3,6.2,0.3747,0
36,,89423.23,14115.93,4.0,1,5,11.8,0.6895,0
34,30641.45,12355.56,8537.95,12.2,3,5,7.2,0.4032,0
47,10774.92,5891.32,11566.77,1.4,1,3,12.2,0.5468,0
20,39928.93,18780.45,19814.56,6.0,3,3,8.0,0.4703,0
45,37051.57,24968.51,10475.01,5.0,2,3,8.0,0.6739,0
64,34574.21,7870.77,5445.46,6.1,1,4,4.4,0.2276,0
23,65822.35,30303.31,12802.72,12.0,0,5,18.2,0.4604,0
42,56866.8,5606.37,6510.73,7.4,1,5,11.2,0.0986,0
32,43422.18,23976.37,10757.63,8.1,0,6,23.8,0.5522,0
45,47576.46,27859.55,39113.45,11.6,2,4,14.6,0.5856,0
40,34111.33,1168.99,10760.05,11.2,1,2,7.0,0.0343,1
32,105376.46,56969.97,55092.34,10.7,5,6,5.7,0.5406,1
45,14950.24,4959.77,41995.12,8.1,0,5,16.1,0.3318,0
61,39489.54,3920.42,8404.78,14.8,1,2,3.3,0.0993,0
37,37760.35,12684.68,5492.29,4.9,0,0,10.4,0.3359,0
48,59158.07,9192.36,12809.68,,2,6,10.9,0.1554,0
24,21887.87,7276.57,33612.8,6.2,5,2,18.9,0.3324,0
28,12756.5,3922.26,9025.84,6.4,3,4,11.1,0.3075,0
45,39898.49,23568.57,27624.88,4.5,2,3,15.4,0.5907,0
57,42990.67,26627.24,35127.94,13.1,1,3,9.3,0.6194,0
44,88766.06,43106.83,7192.39,11.3,1,4,11.2,0.4856,0
36,16945.93,307.56,7778.81,7.2,3,3,15.5,0.0181,0
39,72606.97,54078.97,23626.63,10.3,2,5,4.3,0.7448,0
24,150309.02,82517.64,15085.33,13.5,2,4,3.6,0.549,0
47,28950.45,791.98,7716.77,18.5,2,5,14.9,0.0274,0
50,16737.96,10964.47,10079.47,3.3,3,11,5.7,0.6551,1
34,28447.49,4557.66,12626.9,7.5,3,2,11.8,0.1602,0
34,36621.95,16969.77,3820.42,15.7,4,4,24.4,0.4634,0
43,,19013.79,24649.56,24.3,0,4,14.9,0.3733,0
34,25467.62,8553.84,9109.26,9.8,4,3,1.7,0.3359,0
39,92329.51,65717.47,1440.91,12.9,2,6,16.3,0.7118,0
65,18606.77,6510.3,13107.02,0.9,2,5,4.3,0.3499,0
37,12790.74,770.97,7381.58,10.1,2,2,13.9,0.0603,0
35,70546.42,53425.58,51588.69,7.1,2,6,10.3,0.7573,0
32,9276.39,6831.4,8363.6,12.2,1,7,21.7,0.7364,0
48,32129.25,17592.25,5551.84,19.2,2,8,4.3,0.5475,0
37,235769.21,88251.72,20057.25,8.1,3,2,3.3,0.3743,0
32,36054.03,2678.37,7876.53,7.9,2,4,9.5,0.0743,0
55,18537.29,11726.66,7161.22,5.6,0,6,4.8,0.6326,0
57,35086.14,2118.58,20082.44,1.4,0,5,10.9,0.0604,0
32,35225.29,1933.19,5811.69,5.9,0,4,5.8,0.0549,0
18,39990.21,17192.07,4163.79,3.1,2,7,5.4,0.4299,0
52,54033.41,6921.82,53146.01,3.4,1,2,2.0,0.1281,1
31,19468.12,120.4,21239.1,10.2,0,5,5.3,0.0062,0
49,99960.34,33835.65,10814.39,3.7,2,4,9.3,0.3385,0
18,42069.09,4618.08,13322.61,8.5,1,3,8.5,0.1098,0
50,56166.54,7212.48,20024.09,22.8,2,8,7.4,0.1284,0
25,24912.14,1532.81,29105.14,6.4,4,3,6.3,0.0615,0
48,78576.6,12892.46,7297.01,3.4,3,4,11.6,0.1641,0
40,31125.06,17815.59,17906.47,19.7,1,5,2.4,0.5724,0
28,42895.9,27759.73,8907.39,4.4,1,5,12.0,0.6471,0
35,20746.57,7510.82,11485.21,6.1,2,8,19.6,0.362,0
48,19967.1,8091.53,15192.46,14.3,1,6,10.3,0.4052,0
41,54881.04,1433.71,13288.54,3.9,1,6,1.4,0.0261,0
47,27829.06,1543.21,24063.55,5.8,1,4,6.9,0.0555,0
63,21757.33,4483.19,19725.53,3.8,1,3,10.1,0.2061,0
21,24688.43,10742.4,3997.66,14.1,2,4,1.3,0.4351,1
59,55236.09,32679.93,4508.6,3.7,1,5,11.6,0.5916,0
41,24898.86,12051.11,9939.05,11.0,1,1,23.1,0.484,0
29,33840.28,10615.77,57693.52,7.6,0,4,1.5,0.3137,1
24,36644.43,3468.73,6759.65,5.6,1,2,8.5,0.0947,0
37,11494.12,7179.44,11309.77,7.5,1,5,28.8,0.6246,0
51,15022.8,4372.07,8698.65,6.1,3,5,2.9,0.291,0
38,44434.29,26164.83,8576.36,4.9,2,3,10.4,0.5888,0
58,23336.7,9576.99,15407.22,2.1,2,7,12.6,0.4104,0
22,,40456.26,40971.08,3.9,0,3,6.1,0.5909,0
39,64866.35,47082.05,19240.54,9.1,1,2,13.8,0.7258,0
24,55910.15,41195.92,7024.61,6.7,0,1,22.1,0.7368,0
44,108213.68,46324.7,120883.63,10.9,1,4,9.4,0.4281,1
50,34549.43,14137.86,14226.46,8.5,1,5,10.4,0.4092,0
34,53601.33,11392.58,8418.81,1.0,4,1,9.5,0.2125,0
18,25574.71,19146.25,41343.77,10.2,2,4,10.1,0.7486,1
42,158169.41,57943.04,9179.64,3.5,2,4,6.1,0.3663,0
45,119393.52,12186.85,50530.43,8.0,1,6,11.8,0.1021,0
44,36575.29,12661.05,6657.41,2.6,1,1,8.9,0.3462,0
54,45795.99,4654.82,41941.22,13.8,2,6,6.5,0.1016,0
27,82090.58,33002.49,15690.93,12.3,0,6,4.7,0.402,0
48,33246.88,14928.53,37527.97,6.9,1,4,7.4,0.449,0
54,24490.13,6617.35,61170.03,12.1,2,5,3.2,0.2702,1
18,61352.66,3516.76,5398.7,4.1,0,8,17.8,0.0573,0
43,38065.5,28731.95,37072.01,5.3,0,5,16.4,0.7548,0
33,40529.96,25075.18,4328.07,13.6,0,3,6.7,0.6187,0
39,22014.07,14773.75,5780.54,0.6,2,4,4.9,0.6711,0
44,12957.07,3802.83,7025.29,7.1,3,3,9.3,0.2935,0
34,41843.24,25468.51,19988.44,9.8,1,3,7.6,0.6087,0
31,62503.46,24269.99,13717.29,5.9,1,6,2.4,0.3883,0
40,31714.08,5101.74,11687.69,15.7,1,5,11.4,0.1609,0
26,85978.94,8558.23,15017.75,18.2,2,4,13.9,0.0995,0
26,23804.98,6571.14,21440.39,10.2,0,1,10.1,0.276,1
48,19286.82,2122.35,22801.89,3.5,0,7,5.4,0.11,0
26,,27855.5,32059.01,12.2,2,0,11.5,0.7986,0
47,34559.73,1359.97,57298.39,22.2,1,3,8.1,0.0394,0
45,57640.53,20342.2,13133.35,8.3,0,2,17.1,0.3529,0
19,22811.55,8250.36,8805.47,7.3,1,3,16.2,0.3617,0
31,82525.0,19847.72,21825.38,4.2,2,2,8.9,0.2405,0
54,118201.99,54027.91,5348.63,9.5,0,1,16.5,0.4571,0
28,35472.52,4256.05,7762.32,7.4,1,5,4.9,0.12,0
34,76866.56,48205.32,29717.9,1.3,3,7,9.4,0.6271,0
45,19266.09,5123.97,12096.81,11.7,3,1,16.9,0.266,0
49,69226.08,32749.06,5081.93,3.2,1,2,14.8,0.4731,1
36,68075.04,38973.74,4056.83,24.3,0,4,13.4,0.5725,0
32,60965.44,43360.68,13890.68,8.6,1,6,9.5,0.7112,0
57,35977.97,24055.95,33306.81,6.9,2,2,14.6,0.6686,0
60,6169.98,3002.6,32952.97,8.3,1,4,15.1,0.4866,0
51,24710.01,7677.76,14598.94,8.0,2,4,8.3,0.3107,0
41,24945.54,10042.17,66644.48,6.2,3,3,7.6,0.4026,1
30,20192.11,12417.9,12285.12,2.4,1,3,14.3,0.615,0
30,39079.21,27435.03,11957.88,15.9,2,2,8.7,0.702,0
46,28243.59,2344.94,1713.09,8.3,0,4,5.6,0.083,0
45,22142.03,6817.2,9340.45,14.2,1,3,7.7,0.3079,0
56,19239.48,11945.66,26413.01,2.6,6,1,11.6,0.6209,0
47,23639.92,8163.37,46684.57,4.7,0,2,28.1,0.3453,0
21,71175.19,18917.1,6876.14,5.8,2,1,5.3,0.2658,0
52,24425.55,8037.43,19337.51,3.5,0,8,4.8,0.3291,0
28,26663.12,12858.98,30868.86,11.7,3,6,11.2,0.4823,0
35,27611.33,22084.76,13480.06,6.7,4,3,10.1,0.7998,0
43,44506.75,17553.19,2150.33,9.3,2,5,11.0,0.3944,0
63,47750.73,7964.61,16282.27,5.2,1,2,19.3,0.1668,0
77,5844.21,761.37,24566.63,14.6,1,6,12.0,0.1303,0
47,67035.74,2271.16,6260.79,12.6,1,3,4.5,0.0339,0
37,,38435.79,10901.73,11.5,0,4,3.0,0.4471,1
46,19339.17,8425.26,5300.75,8.6,0,2,,0.4357,0
50,20264.4,3327.15,1709.37,15.9,1,3,6.8,0.1642,0
36,27718.3,15418.68,30381.94,12.6,4,6,12.6,0.5563,1
61,23072.52,13679.37,13319.72,7.6,3,4,7.6,0.5929,0
42,41537.67,8609.87,47960.83,5.6,0,2,11.1,0.2073,0
45,11294.65,3109.19,26525.39,6.7,0,5,6.8,0.2753,0
47,18568.9,14713.58,10063.12,10.5,3,4,20.7,0.7924,0
45,91447.32,27380.39,12499.64,2.6,4,7,4.4,0.2994,0
50,20807.48,12664.29,21013.95,4.6,3,6,4.9,0.6086,0
32,76577.38,27734.82,28955.25,15.8,0,4,7.3,0.3622,0
33,44945.36,28525.74,17294.37,13.8,0,5,10.8,0.6347,0
26,12264.2,7545.16,32353.4,6.8,0,2,26.0,0.6152,0
45,53167.23,28402.19,10537.18,33.5,3,5,16.8,0.5342,0
49,33840.03,23140.58,6016.65,12.2,1,5,4.2,0.6838,0
45,27631.72,20761.78,12684.71,8.3,3,3,14.0,0.7514,0
60,42065.12,19517.65,15742.95,13.9,0,2,4.2,0.464,0
39,48280.36,9172.07,5109.06,5.4,0,5,4.1,0.19,0
48,55523.14,17706.51,4585.35,4.9,1,8,10.1,0.3189,0
26,73640.59,44673.66,19108.89,7.4,4,5,5.1,0.6066,0
35,46391.96,24156.61,9651.94,8.1,2,4,13.0,0.5207,0
48,15908.67,2262.83,11699.8,4.9,5,3,4.6,0.1422,0
50,27331.98,1120.38,10019.07,17.0,3,4,6.8,0.041,0
36,212315.57,116002.7,45092.93,6.4,3,4,5.6,0.5464,1
39,56088.98,11266.21,36658.81,2.2,1,3,8.9,0.2009,1
21,150478.03,60151.52,4964.74,,3,1,5.8,0.3997,0
35,83889.9,50115.61,8723.41,7.0,1,3,3.9,0.5974,0
50,41985.57,18899.11,26370.56,13.0,1,4,11.0,0.4501,0
46,43514.27,2899.88,21623.78,5.5,6,4,9.2,0.0666,0
46,35527.13,5274.51,12923.9,11.8,3,5,11.2,0.1485,0
40,12801.49,2246.18,5377.18,9.4,1,2,2.5,0.1755,0
40,36710.88,7573.14,7738.54,14.4,1,2,9.0,0.2063,0
32,75087.15,33963.62,8835.97,8.5,2,4,16.1,0.4523,0
48,25341.94,10217.18,16673.83,4.7,0,2,17.6,0.4032,0
45,46498.34,7557.28,52207.51,9.7,1,7,8.2,0.1625,1
45,60533.65,3271.47,7711.71,3.9,1,3,4.1,0.054,0
33,21040.23,2885.58,5879.18,1.6,0,1,4.1,0.1371,0
18,27700.85,21814.56,12248.16,5.0,2,2,6.1,0.7875,0
53,19717.33,7390.8,30497.23,14.9,1,5,12.2,0.3748,1
34,22174.55,15386.4,4198.55,21.0,1,3,3.5,0.6939,0
29,16771.51,11387.89,42740.72,2.6,2,0,11.4,0.679,0
48,21157.1,8657.82,11642.0,13.5,0,5,11.0,0.4092,0
35,85107.75,48115.68,7424.53,19.0,0,1,7.3,0.5654,0
52,20967.18,3233.17,3713.94,3.8,1,7,7.5,0.1542,0
47,39178.19,21576.11,23510.83,17.1,2,4,11.5,0.5507,0
48,26856.92,5852.33,11650.02,3.2,2,5,11.0,0.2179,0
23,73667.69,49036.87,15314.64,7.4,0,7,5.2,0.6656,0
54,79753.62,5341.84,6498.66,10.0,1,3,7.6,0.067,0
43,60988.58,37722.1,10349.81,4.0,1,3,7.1,0.6185,0
35,43637.87,3488.83,9051.95,16.5,2,2,8.6,0.0799,0
41,31614.28,22286.53,12326.73,7.9,0,1,3.5,0.705,0
18,17763.04,4322.88,7819.36,12.8,0,3,9.2,0.2434,0
44,116554.86,61018.18,3915.33,4.2,2,2,7.5,0.5235,0
27,23021.78,8978.54,118515.59,21.7,3,3,5.0,0.39,1
23,54078.27,15847.23,4488.51,10.8,3,1,6.4,0.293,0
21,68578.84,35410.92,15446.96,10.5,0,5,7.3,0.5164,0
53,26025.49,19727.8,3236.92,9.9,2,1,6.8,0.758,0
32,67697.7,2235.09,2703.66,10.6,2,2,6.0,0.033,0
58,57441.82,42224.46,14447.28,12.1,0,3,6.5,0.7351,0
33,,49902.77,15359.57,6.4,0,3,15.8,0.4873,1
19,27402.57,17697.99,36651.12,3.1,1,2,7.7,0.6459,0
26,16789.04,5155.91,18391.38,,0,6,4.4,0.3071,0
54,26814.72,10121.87,11850.81,8.3,1,5,17.3,0.3775,0
38,41163.7,28612.09,6249.89,19.3,2,2,11.3,0.6951,0
33,37606.33,12480.73,44320.81,7.4,0,1,11.2,0.3319,1
41,28679.48,12267.01,28087.53,15.4,2,5,5.7,0.4277,0
46,11550.47,186.61,4929.22,7.6,2,6,10.5,0.0162,0
53,48160.28,6110.5,13771.7,18.1,1,5,6.4,0.1269,0
57,118587.54,60876.82,14991.55,10.4,1,6,5.4,0.5133,0
35,47980.54,27520.75,10132.23,9.5,2,4,23.4,0.5736,0
24,52338.18,24393.82,24772.28,14.5,1,7,3.9,0.4661,0
35,51198.59,5869.82,25987.9,10.4,0,3,6.1,0.1146,0
43,46084.32,16420.97,11471.39,11.8,4,3,5.5,0.3563,0
28,63512.98,18042.5,10671.21,8.2,1,3,12.5,0.2841,0
28,46038.08,18255.44,44318.91,,4,4,17.9,0.3965,0
44,30103.41,20959.9,28177.28,,3,4,8.5,0.6963,0
39,22525.58,13981.38,14155.92,16.4,2,4,9.2,0.6207,0
40,31276.3,2101.5,3628.71,16.7,2,4,2.7,0.0672,0
30,43847.71,31230.42,17592.01,6.6,2,3,8.2,0.7122,0
37,30041.96,11338.25,23352.67,7.8,0,4,4.1,0.3774,0
28,43853.21,26096.59,1474.95,21.4,2,4,7.9,0.5951,0
50,47263.33,5294.98,16342.03,6.7,3,5,7.4,0.112,0
52,59868.61,32124.04,9572.47,12.5,1,3,15.2,0.5366,0
18,78407.67,14823.82,11196.05,9.2,0,4,10.7,0.1891,0
28,38055.64,13346.29,6464.59,2.8,1,5,8.2,0.3507,0
22,16569.75,223.53,11866.19,10.7,1,2,7.6,0.0135,0
32,29523.37,3580.85,40684.13,3.0,3,2,5.3,0.1213,1
38,37288.4,2746.83,9347.66,16.2,1,5,6.0,0.0737,0
22,12070.73,2315.11,28924.92,7.1,2,5,24.3,0.1918,0
28,83549.85,6685.2,7008.89,3.6,2,3,27.3,0.08,0
27,39554.18,21894.35,24514.13,13.1,2,6,3.2,0.5535,0
42,45652.41,1060.59,13377.44,2.9,1,6,10.6,0.0232,0
40,82397.95,40720.44,17705.31,3.0,1,4,8.1,0.4942,0
31,24882.36,2800.91,13436.4,22.0,2,5,3.2,0.1126,0
42,51247.66,38749.85,22321.38,14.8,1,2,19.0,0.7561,0
33,33998.83,25379.29,1712.88,8.5,2,3,13.7,0.7465,0
36,32517.96,5866.32,4290.42,10.9,2,5,0.8,0.1804,0
60,22849.5,11231.38,18651.17,4.4,2,2,14.3,0.4915,0
56,98652.8,2210.24,2604.95,9.1,4,6,6.1,0.0224,0
24,28989.82,21609.91,8738.87,3.8,0,4,8.1,0.7454,0
49,55253.03,23117.31,12791.39,3.7,2,5,1.0,0.4184,0
49,,407.68,6887.67,13.5,0,3,10.1,0.0346,0
26,73717.32,20198.55,7682.89,6.1,2,7,18.3,0.274,0
49,68276.89,4197.63,16601.79,5.5,1,3,3.8,0.0615,0
58,38501.81,12103.26,29954.53,10.3,1,2,3.8,0.3144,1
26,31692.47,16985.3,6205.81,5.3,2,2,21.2,0.5359,0
28,46166.05,17354.37,8433.38,7.0,2,4,5.7,0.3759,0
52,143382.96,44015.38,7442.72,20.2,2,4,2.4,0.307,0
43,12607.64,1201.83,1925.41,3.0,0,1,2.2,0.0953,0
46,58059.08,11376.75,14963.5,18.4,2,4,6.4,0.196,0
44,21015.8,1683.67,28219.66,35.3,2,3,2.5,0.0801,0
44,35884.08,23181.08,30131.14,3.1,2,4,12.6,0.646,0
24,31296.82,3386.06,6656.75,3.5,0,5,6.0,0.1082,0
52,28085.51,13377.09,4908.1,11.4,3,8,16.6,0.4763,0
54,36088.19,9895.1,13592.65,1.4,1,1,13.8,0.2742,0
37,18388.8,3324.38,25936.82,8.6,2,4,8.4,0.1808,0
39,67339.9,34449.39,15121.61,4.9,6,3,11.6,0.5116,0
21,12375.99,4524.68,16838.85,,1,1,4.4,0.3656,0
46,50204.44,16071.26,33305.06,6.4,1,5,8.4,0.3201,0
46,29854.13,14159.26,7395.97,9.5,2,5,2.7,0.4743,0
39,17987.73,7069.43,11203.98,12.3,0,3,10.8,0.393,0
53,41004.21,9955.3,49398.95,10.8,1,1,,0.2428,0
35,14268.78,6381.7,11413.49,8.1,3,7,7.7,0.4472,0
46,37191.23,19919.58,4847.07,12.7,0,7,20.1,0.5356,0
27,15464.06,330.23,7820.59,2.7,2,5,6.7,0.0214,0
39,47894.85,17850.29,6307.26,14.7,0,8,9.7,0.3727,0
37,20855.76,962.42,17778.23,6.7,0,5,5.8,0.0461,0
42,27705.98,4131.64,6524.0,11.8,1,4,2.4,0.1491,0
35,43320.0,19424.99,16594.51,7.9,3,6,11.7,0.4484,0
38,22844.71,15830.27,7414.17,5.5,4,5,19.5,0.693,0
49,35074.22,24770.98,2443.77,7.6,0,3,14.9,0.7062,0
34,14642.77,819.34,17073.72,9.7,4,2,10.5,0.056,0
20,53025.35,17778.56,15044.55,10.6,2,5,4.4,0.3353,0
60,104709.83,48837.21,20215.53,9.8,0,3,16.3,0.4664,0
56,193944.11,22818.67,7797.9,5.2,1,4,9.2,0.1177,0
24,38357.33,23487.95,7160.71,4.1,1,5,2.8,0.6123,0
48,58274.65,34696.04,18419.65,4.3,3,3,5.2,0.5954,0
33,12476.78,9016.63,45035.92,7.0,1,5,8.9,0.7227,0
43,89468.38,607.38,13479.62,11.7,1,5,5.0,0.0068,0
43,57857.43,10029.43,18763.49,12.1,1,4,11.2,0.1733,0
37,27163.79,17975.62,10329.2,5.7,1,4,3.4,0.6617,0
30,76290.86,40927.3,3885.84,8.2,1,2,23.8,0.5365,0
31,31173.21,22304.8,28967.9,2.9,2,4,8.4,0.7155,0
29,27589.34,1262.04,27632.04,6.4,2,4,4.1,0.0457,0
30,48300.68,23067.01,23590.97,5.7,0,1,3.9,0.4776,0
39,19186.98,8734.63,11550.03,4.8,3,3,3.2,0.4552,0
31,67035.32,1913.16,21539.52,8.7,3,3,15.4,0.0285,0
48,19271.95,7917.26,27310.03,20.6,1,4,3.8,0.4108,0
57,19340.7,9430.84,48831.31,8.4,0,3,4.2,0.4876,1
33,21040.11,3219.86,29460.95,15.4,1,5,24.9,0.153,0
42,57279.61,12524.97,14059.55,13.5,2,1,8.7,0.2187,0
45,25082.73,12849.33,4690.98,5.8,2,10,6.6,0.5123,1
45,16174.68,6059.69,15131.39,12.7,3,3,4.6,0.3746,0
40,25250.27,17332.06,16403.7,21.3,3,8,5.2,0.6864,0
48,35623.99,9757.6,23558.07,3.5,2,2,8.2,0.2739,0
45,17879.61,3814.22,39462.79,13.5,2,2,15.0,0.2133,0
25,18196.62,14336.99,12380.52,7.8,2,5,20.3,0.7879,0
50,128898.15,93954.97,71739.0,5.3,1,3,2.6,0.7289,1
50,21669.49,502.61,3270.08,10.2,0,7,8.2,0.0232,0
30,29916.77,18446.17,18684.95,10.4,2,2,16.3,0.6166,0
40,29133.9,2571.59,7052.83,27.3,1,6,14.5,0.0883,0
48,28203.06,620.13,2905.1,5.4,1,5,2.8,0.022,0
37,52723.05,11544.05,11368.26,8.4,0,4,4.9,0.219,0
52,64144.0,13821.54,4164.13,8.3,0,3,12.2,0.2155,0
68,30225.08,19811.18,11741.18,5.4,3,1,3.6,0.6555,0
30,17293.97,9832.21,13736.55,4.4,1,0,5.2,0.5685,0
23,78015.6,61264.68,32690.28,6.3,0,6,20.7,0.7853,1
43,,19521.86,3999.53,7.6,4,4,6.6,0.5692,0
48,102558.96,34316.68,27632.73,4.2,1,5,9.8,0.3346,0
37,9439.41,5277.97,14450.21,14.0,1,5,7.4,0.5591,0
57,40832.84,32648.6,30426.81,11.0,2,1,4.3,0.7996,0
23,114824.92,65233.59,9457.84,3.6,0,6,8.7,0.5681,0
48,29379.18,17902.06,4601.81,6.2,3,4,3.6,0.6093,0
32,31720.04,23811.98,5044.23,8.8,3,3,10.0,0.7507,0
60,43360.62,3942.39,4753.11,12.3,1,6,15.9,0.0909,0
63,25970.65,14642.96,19579.75,7.7,1,4,7.1,0.5638,0
30,30114.34,20497.17,43544.45,11.9,1,5,7.0,0.6806,0
33,29652.77,22639.98,8501.85,9.9,1,4,10.2,0.7635,0
50,24923.03,4206.4,22099.46,12.7,2,5,2.8,0.1688,0
35,75910.78,30602.92,3949.11,4.9,0,2,12.1,0.4031,0
39,47889.27,26073.02,15432.9,11.2,2,5,12.0,0.5444,0
40,42208.5,8356.19,22807.62,7.8,1,2,15.0,0.198,0
18,58991.14,28338.06,4194.38,15.1,1,5,6.5,0.4804,0
39,30988.97,6385.68,11349.09,4.9,0,2,10.6,0.2061,0
31,22821.94,6088.11,23688.23,10.0,1,3,20.0,0.2668,0
34,25296.6,8935.14,1277.91,8.5,0,2,,0.3532,0
57,36354.37,15390.7,38884.95,7.3,2,2,13.3,0.4234,0
24,19234.73,6914.74,17728.76,6.4,4,4,20.0,0.3595,0
49,26898.97,10613.16,23703.6,6.7,1,2,5.8,0.3946,1
36,26644.29,6364.55,9602.94,19.8,2,6,4.6,0.2389,0
36,129927.74,16523.18,3367.15,7.2,1,8,3.2,0.1272,0
49,6875.44,260.44,20480.95,18.9,1,5,10.3,0.0379,0
44,32605.24,5111.95,12505.55,7.3,1,4,14.9,0.1568,0
46,102274.56,47614.42,13707.42,9.0,0,0,1.4,0.4656,0
51,39069.86,24570.74,31891.21,8.1,2,4,8.7,0.6289,0
36,57070.95,7727.3,24579.08,19.6,1,5,19.7,0.1354,0
32,38557.11,3348.46,62130.35,13.1,0,7,12.4,0.0868,0
26,24333.27,14586.15,15109.57,6.0,2,10,,0.5994,0
30,9460.22,2309.49,7685.03,3.0,2,6,9.6,0.2441,0
75,41079.87,31269.98,11490.39,6.1,1,3,15.7,0.7612,0
54,22802.74,13030.73,18630.04,16.7,1,6,9.9,0.5715,0
23,22466.91,5872.96,30112.19,3.7,2,3,7.7,0.2614,0
24,26919.54,6235.49,4131.41,3.1,2,3,9.1,0.2316,0
45,103457.57,43344.45,13451.29,5.3,1,2,3.6,0.419,0
46,153722.23,9733.04,48418.31,4.2,0,4,7.4,0.0633,0
46,41370.56,3894.67,11024.03,4.7,2,8,17.9,0.0941,0
36,27477.96,3865.77,28136.12,2.1,1,5,6.2,0.1407,0
38,17919.85,11106.34,19820.94,9.1,3,2,9.1,0.6198,0
43,48104.17,19774.95,28701.04,10.2,0,2,10.5,0.4111,0
41,105846.3,894.79,6989.69,7.2,0,5,6.9,0.0085,0
18,31306.96,16868.6,7014.11,3.0,0,4,11.9,0.5388,0
37,8713.27,2953.38,13578.15,5.3,5,3,7.4,0.339,0
29,54286.44,22185.89,3921.47,10.0,0,5,18.6,0.4087,0
42,65594.02,11235.8,10766.64,10.8,2,4,11.7,0.1713,0
75,14023.54,6190.35,16355.2,2.1,1,3,2.8,0.4414,1
44,40371.95,31624.26,55698.5,8.3,2,6,16.6,0.7833,0
36,47607.02,2797.19,18438.1,5.0,1,5,8.3,0.0588,0
51,34756.98,7894.49,22030.49,8.0,2,2,5.7,0.2271,0
45,22596.21,4392.66,33913.91,3.2,1,5,19.4,0.1944,0
45,66806.95,13283.86,6175.06,2.4,3,3,1.8,0.1988,0
47,28508.92,8637.21,11706.9,7.1,2,3,16.4,0.303,0
64,14896.6,9749.64,92997.7,7.5,0,4,15.3,0.6545,1
26,10618.1,7754.26,12540.29,4.5,4,9,11.3,0.7303,0
45,77382.02,12518.25,32635.13,18.0,1,0,10.3,0.1618,0
28,52575.13,22836.53,28882.48,5.0,7,2,6.5,0.4344,0
46,38283.88,19506.37,4094.95,4.9,0,4,16.5,0.5095,0
28,27884.75,11640.82,17126.52,8.1,3,7,12.0,0.4175,0
34,,9181.29,15023.91,7.5,2,4,17.7,0.3473,0
36,19044.96,2924.93,17395.5,5.0,5,2,9.8,0.1536,0
51,28032.69,10948.88,7307.89,10.1,0,4,19.7,0.3906,0
51,10177.63,3266.73,5466.89,10.1,3,5,3.5,0.321,0
25,23350.22,14861.26,9128.82,8.2,1,2,7.1,0.6365,0
40,30134.85,18408.88,12354.36,9.0,1,5,,0.6109,0
31,52361.56,5613.1,34474.93,7.8,0,4,14.8,0.1072,0
24,35455.87,2510.82,57173.66,7.5,1,3,6.2,0.0708,1
37,58510.05,42508.91,40834.32,3.2,2,3,1.1,0.7265,0
36,81591.56,34954.37,26586.22,8.5,0,6,16.5,0.4284,0
69,68521.45,47022.21,5982.1,13.2,1,3,14.8,0.6862,0
45,48161.05,2240.5,9632.36,9.1,2,5,8.0,0.0465,0
23,36574.9,15405.8,15802.78,6.6,1,3,7.2,0.4212,0
33,20161.44,8700.49,8055.0,12.9,1,6,6.1,0.4315,0
52,56611.44,38980.47,21200.17,9.1,1,5,8.0,0.6886,1
65,99493.58,7769.25,23774.98,4.9,2,4,9.5,0.0781,0
20,44589.94,8577.16,20517.47,12.9,0,7,15.6,0.1924,0
18,114732.14,37314.41,30336.52,5.8,4,4,12.9,0.3252,0
62,14539.97,10071.45,6479.04,3.9,0,3,1.8,0.6927,1
44,18169.54,13647.26,28177.05,4.5,2,4,2.8,0.7511,0
29,60664.92,48178.85,7657.83,5.5,3,4,9.7,0.7942,0
46,42555.91,32655.48,6293.37,3.1,2,5,11.4,0.7674,0
18,79879.08,379.7,20449.07,15.9,2,4,2.8,0.0048,0
40,35979.95,1373.23,35337.46,2.3,2,8,16.5,0.0382,0
43,21573.37,2547.5,19740.17,10.9,1,4,7.0,0.1181,0
51,31947.34,8916.17,13583.94,9.3,1,7,3.6,0.2791,0
27,14478.06,9612.48,17122.06,9.0,2,7,4.7,0.6639,0
41,18450.48,13175.95,14900.37,10.1,0,9,13.8,0.7141,0
28,65086.11,9728.26,5427.53,7.0,1,6,19.6,0.1495,0
43,61308.42,30392.5,4943.87,10.9,2,6,4.8,0.4957,0
29,45152.57,33137.0,12543.27,7.4,0,8,3.4,0.7339,0
35,12930.62,4797.07,14241.07,6.2,0,5,12.4,0.371,0
28,29288.72,2426.13,13481.4,3.4,0,3,8.0,0.0828,0
47,17413.48,6377.7,22945.6,9.6,2,6,14.6,0.3663,0
50,73564.65,22116.18,11244.32,9.7,0,2,9.8,0.3006,0
37,25585.13,11823.56,20960.26,7.8,1,3,5.3,0.4621,0
40,18930.91,6643.37,11900.44,12.2,1,7,6.2,0.3509,0
22,36970.58,513.03,57450.97,14.7,0,6,6.5,0.0139,0
36,24733.34,19667.91,14250.84,5.7,2,2,11.0,0.7952,0
39,,38462.97,86905.63,11.1,1,1,11.8,0.4348,1
71,23367.78,8854.16,17705.12,3.3,2,1,17.4,0.3789,0
26,15685.05,11978.58,11260.52,8.1,1,3,23.9,0.7637,0
57,9979.14,1244.28,6505.75,7.1,4,3,,0.1247,0
51,35650.84,5397.18,4211.98,12.4,3,1,9.1,0.1514,0
43,25921.86,16756.2,6044.15,6.0,3,3,9.7,0.6464,0
61,15408.23,3215.16,6609.84,15.2,4,5,,0.2087,0
44,74127.06,47395.48,18321.97,6.8,0,3,12.6,0.6394,0
44,54195.17,11772.64,8769.79,3.3,1,4,10.5,0.2172,0
39,35705.83,947.99,15514.68,2.5,2,3,3.9,0.0266,0
54,82338.64,34056.23,37256.54,11.7,4,4,11.3,0.4136,0
53,54042.26,8503.5,12453.45,3.1,1,7,6.3,0.1573,0
32,22165.37,13438.35,70496.99,10.3,0,3,9.9,0.6063,0
24,19466.84,9985.7,5215.3,11.6,0,1,12.7,0.513,0
37,59325.17,43834.31,11843.48,4.9,1,3,13.2,0.7389,0
30,46065.53,28855.02,8678.03,9.2,1,3,4.9,0.6264,1
39,40209.1,5815.07,28260.07,18.0,2,2,8.6,0.1446,1
54,21853.17,13988.8,2226.46,7.2,2,4,6.5,0.6401,0
34,52300.88,26850.73,4211.22,2.7,2,3,4.7,0.5134,0
39,23079.51,12351.26,12260.31,5.4,0,6,9.2,0.5352,0
40,34159.91,22744.02,46216.96,19.2,1,4,10.5,0.6658,0
50,86523.08,39719.22,16005.27,12.1,1,4,6.7,0.4591,0
18,,9106.96,4531.29,3.6,3,3,6.0,0.3728,0
32,14132.13,7197.68,5126.95,,3,4,12.1,0.5093,0
42,19311.8,4603.28,50939.39,15.0,3,3,20.4,0.2384,0
54,65945.19,9633.12,8128.18,6.0,2,8,10.1,0.1461,0
34,42312.54,20871.52,6283.17,3.3,2,7,22.5,0.4933,0
18,33613.18,6288.31,43560.15,13.8,1,4,12.2,0.1871,0
47,26756.79,1710.62,29997.75,20.6,2,2,6.7,0.0639,0
32,48592.09,21.54,37021.26,5.0,1,3,4.7,0.0004,1
25,21819.01,10618.34,6247.69,11.7,2,2,7.4,0.4867,0
32,43625.6,12639.17,3943.86,5.0,0,7,12.3,0.2897,0
37,23417.7,14093.91,14861.56,4.9,1,1,3.1,0.6018,0
32,21192.54,6360.75,17467.56,9.2,2,1,5.3,0.3001,0
18,24772.95,9631.79,17884.35,4.5,1,2,7.2,0.3888,0
50,28991.43,9441.58,43588.44,7.7,0,4,6.7,0.3257,0
55,35266.97,18355.04,3337.53,15.3,1,2,5.3,0.5205,0
47,41826.0,11916.7,26575.79,2.9,1,3,10.1,0.2849,0
26,3971.82,3062.33,5556.37,12.6,2,6,3.9,0.771,0
37,22368.51,16752.17,26491.74,8.8,1,4,17.2,0.7489,0
39,28711.64,19478.62,9136.52,10.2,0,13,9.5,0.6784,1
47,89593.43,65962.29,6966.18,8.3,1,6,22.0,0.7362,0
48,18996.28,6825.59,8201.55,16.4,3,3,11.0,0.3593,0
31,,17183.69,4202.82,9.8,0,5,13.3,0.4291,0
40,,52870.11,13798.89,6.3,6,5,9.4,0.5937,0
45,16518.21,9199.27,7200.18,8.8,2,5,12.8,0.5569,0
57,45999.47,32776.59,25060.26,6.1,1,5,13.1,0.7125,0
48,22440.82,12860.04,22293.38,5.1,0,5,13.8,0.5731,0
49,26828.49,21417.39,51561.25,14.4,0,7,5.5,0.7983,1
41,22429.53,6253.46,17909.06,6.1,3,6,5.4,0.2788,0
56,23409.23,15599.87,20262.8,2.4,1,6,12.9,0.6664,0
44,185934.04,103771.25,40948.88,10.2,2,1,4.2,0.5581,1
29,60275.05,33338.68,8085.84,6.4,2,7,6.9,0.5531,0
56,70336.26,18334.45,4061.85,18.2,2,5,0.8,0.2607,0
48,48785.87,30661.01,15678.96,11.2,0,5,5.4,0.6285,0
34,13852.85,9978.22,4280.79,17.7,1,3,2.2,0.7203,0
34,46026.6,8047.23,95144.39,12.4,1,2,4.7,0.1748,1
43,69130.95,34592.95,42804.51,14.6,0,4,7.8,0.5004,0
45,21762.86,6827.18,75446.65,9.9,0,3,4.2,0.3137,1
42,64808.76,51305.11,14044.1,12.9,2,2,4.9,0.7916,0
43,55414.79,21227.54,20753.27,4.7,4,5,20.5,0.3831,0
60,110329.21,20152.31,9250.38,12.4,6,3,16.3,0.1827,0
52,28263.6,8634.14,27074.29,3.2,1,8,15.8,0.3055,0
42,18796.64,9831.97,5052.13,7.7,4,6,10.9,0.5231,0
51,29232.11,1779.4,1746.77,5.5,1,5,7.4,0.0609,1
27,85934.67,41496.27,7097.03,9.3,0,9,12.2,0.4829,0
44,12124.17,9032.26,4169.79,6.0,2,5,6.3,0.745,0
61,10498.36,7141.93,43579.47,3.3,1,5,13.3,0.6803,1
37,38316.55,2074.41,57099.0,3.1,2,1,,0.0541,1
29,27846.05,22129.59,4348.81,3.5,1,4,5.2,0.7947,0
32,36484.28,20394.04,37547.89,,1,2,5.7,0.559,0
26,64035.13,8313.34,28598.46,9.6,1,3,4.0,0.1298,0
30,26067.86,258.93,3805.41,6.0,2,3,14.2,0.0099,0
35,11804.03,1617.46,9776.98,10.4,0,4,10.3,0.137,0
23,,83035.05,8399.01,7.2,2,7,5.0,0.6705,0
40,19963.54,345.6,24304.0,10.0,2,5,21.8,0.0173,0
50,19236.75,3588.0,4998.92,8.0,0,1,3.0,0.1865,0
29,70419.96,42663.54,12343.71,12.7,2,5,9.2,0.6058,0
58,28833.88,13519.87,7717.55,4.6,1,7,,0.4689,0
46,34960.22,21891.69,19509.81,2.1,1,3,10.1,0.6262,0
52,48517.22,28960.92,11232.5,7.3,3,3,3.8,0.5969,0
32,69574.25,2816.44,8706.31,8.5,2,5,9.7,0.0405,0
50,29730.35,21227.74,11263.95,,1,2,11.2,0.714,0
26,90397.44,16418.48,68106.93,4.4,1,3,4.5,0.1816,1
50,10082.13,4463.5,9570.88,11.0,2,2,5.1,0.4427,0
42,57289.48,29528.75,5809.19,11.2,0,4,4.3,0.5154,0
46,21944.76,2960.4,21306.06,7.1,3,3,6.2,0.1349,0
25,82732.09,64612.52,11910.56,2.6,1,4,6.4,0.781,0
29,39546.27,15443.8,4306.21,10.8,2,2,6.5,0.3905,0
47,24252.06,1118.36,79634.05,8.4,1,3,16.5,0.0461,1
28,54052.15,40528.82,10077.06,5.6,0,0,2.9,0.7498,0
45,62063.48,29108.66,9874.44,13.4,2,3,1.2,0.469,0
23,53377.07,29856.71,15182.04,1.3,2,5,5.4,0.5594,0
50,19578.4,8225.68,53321.42,7.7,1,3,1.6,0.4201,1
25,27162.42,18138.8,3484.93,10.9,0,5,6.5,0.6678,0
46,36226.87,960.26,16660.38,3.2,1,6,13.5,0.0265,0
47,35427.52,7606.38,70956.18,3.0,0,7,3.1,0.2147,1
31,56945.35,21395.43,14808.89,19.1,2,3,3.3,0.3757,0
46,10840.66,664.35,4972.77,11.1,3,8,7.5,0.0613,0
43,44382.31,25063.81,8146.0,16.5,0,1,16.0,0.5647,0
33,30516.15,9610.47,15764.35,12.9,1,3,8.5,0.3149,0
27,21958.28,4789.86,38740.59,9.5,0,2,15.9,0.2181,0
18,23260.41,62.87,10183.57,20.5,1,3,4.9,0.0027,0
44,31929.24,18386.91,25882.48,8.9,4,4,14.8,0.5759,0
21,4185.36,2791.83,4237.4,7.3,2,2,5.7,0.667,0
41,23842.53,7535.01,4209.19,12.9,5,4,6.1,0.316,0
36,21472.13,9691.97,9079.36,13.6,0,5,5.4,0.4514,0
48,49994.58,9106.48,42210.44,10.3,0,4,9.8,0.1821,1
36,22397.04,11148.31,14116.5,5.6,0,7,3.5,0.4978,0
36,31918.2,309.92,16845.67,12.9,2,4,7.2,0.0097,0
48,,35814.25,16688.31,5.5,1,3,21.8,0.3909,0
44,65947.28,33986.88,32447.1,8.1,3,3,6.3,0.5154,0
43,62402.64,45838.07,8199.46,4.4,2,0,7.1,0.7346,0
45,26905.25,8207.95,23170.34,4.6,1,3,14.6,0.3051,0
21,50302.97,30793.07,6872.57,1.6,1,4,7.0,0.6122,0
49,31560.49,15090.64,65291.56,7.2,2,4,11.6,0.4781,1
47,32284.55,23942.54,7042.28,9.7,1,6,1.9,0.7416,0
27,46435.11,14798.97,6595.14,20.1,2,4,8.5,0.3187,0
37,25382.21,6479.48,20738.27,5.2,1,4,10.4,0.2553,0
39,88947.52,63127.26,14240.29,8.3,2,5,9.3,0.7097,0
38,32988.75,1299.61,17352.33,7.4,1,2,5.8,0.0394,0
44,52628.67,5742.23,16024.13,9.9,3,6,5.3,0.1091,0
57,86973.63,5733.61,5584.14,6.6,2,3,8.2,0.0659,0
52,67439.91,45487.41,48566.4,11.2,2,3,12.5,0.6745,0
24,15594.11,132.33,27305.24,4.2,4,3,5.3,0.0085,0
47,47426.55,32692.34,39622.8,7.9,1,7,6.0,0.6893,0
55,60502.0,21842.08,8754.61,9.6,4,6,8.0,0.361,0
44,62014.15,199.7,18642.87,14.0,0,5,,0.0032,0
53,18620.59,5983.1,15644.81,11.3,3,4,3.3,0.3213,0
64,24484.09,3658.92,32938.65,7.8,0,5,2.5,0.1494,0
52,65955.46,32946.1,33799.41,4.6,3,4,9.2,0.4995,1
42,22992.97,12496.38,15590.87,21.5,4,4,6.7,0.5435,0
52,30338.79,11832.8,3966.5,5.0,0,3,7.9,0.39,0
41,93482.12,3030.28,55477.32,3.4,3,3,1.3,0.0324,0
40,35288.78,18523.19,20843.34,5.4,2,3,7.7,0.5249,1
35,23480.73,15817.35,8211.17,,0,4,11.8,0.6736,0
58,21448.92,12360.14,18494.59,9.5,3,7,4.7,0.5763,1
30,44339.52,29439.95,3988.32,7.7,2,2,8.1,0.664,0
58,16319.42,2617.76,31078.84,6.8,0,4,10.9,0.1604,0
45,31307.04,22262.76,4117.62,7.3,3,6,20.3,0.7111,0
23,44353.12,11432.23,11196.23,5.6,1,4,5.4,0.2578,0
44,79180.86,849.12,16245.38,1.9,2,5,6.5,0.0107,0
18,54205.02,36572.85,30670.97,12.9,2,2,7.4,0.6747,0
47,23660.47,17827.15,14548.39,5.9,1,4,7.0,0.7535,0
50,73647.95,38624.41,22202.72,3.1,2,6,6.6,0.5244,0
32,30342.09,5617.82,13062.05,2.3,2,5,2.7,0.1851,0
41,17302.01,3484.55,13020.12,15.6,3,2,7.7,0.2014,0
63,32753.83,12226.16,14305.25,6.3,0,6,7.6,0.3733,0
33,86068.74,61820.15,11484.5,6.2,1,6,2.1,0.7183,0
27,40100.5,4799.15,3465.96,10.2,1,3,2.6,0.1197,0
57,,24177.48,7225.28,5.6,2,6,1.5,0.6608,0
63,96986.49,22601.95,16249.54,2.9,1,2,12.0,0.233,0
40,15385.6,9952.47,10945.71,5.3,1,6,14.1,0.6469,0
52,16791.71,12362.34,11794.08,8.9,4,6,9.9,0.7362,0
56,13773.37,4710.43,10314.61,,2,5,15.0,0.342,0
31,45414.6,13262.9,6695.03,4.5,1,10,5.4,0.292,0
34,40130.66,25754.94,9004.87,3.8,2,5,2.0,0.6418,0
54,91641.71,38818.17,10451.85,9.6,4,5,12.8,0.4236,0
60,42027.74,23012.68,13414.81,8.8,2,3,4.9,0.5476,0
46,28495.62,14198.32,18300.85,10.4,0,1,3.8,0.4983,0
29,36354.63,4446.57,11562.93,6.8,0,7,14.9,0.1223,0
63,38973.0,26339.21,5862.17,5.9,1,4,6.0,0.6758,0
33,13318.95,2086.02,4365.7,4.6,1,2,14.0,0.1566,0
35,184646.6,137714.18,106718.5,6.3,1,3,15.5,0.7458,1
44,49608.76,9944.42,5410.78,2.4,4,3,4.8,0.2005,0
58,41192.23,24184.16,8822.85,9.1,2,3,10.7,0.5871,0
50,52527.83,11961.86,20203.28,6.0,0,5,11.1,0.2277,0
44,55583.77,14130.97,17830.91,13.8,1,5,13.3,0.2542,0
45,33378.52,8277.92,20265.85,7.5,3,3,6.0,0.248,1
40,24865.97,14877.65,9375.23,1.9,1,7,2.8,0.5983,0
46,,23179.07,16168.92,8.5,1,5,2.6,0.4455,0
18,45771.94,32331.56,14031.71,21.8,1,2,7.8,0.7064,1
36,22338.48,5492.99,10407.63,9.6,1,3,5.5,0.2459,0
42,85086.3,47103.27,16257.8,11.9,2,5,11.1,0.5536,0
26,43304.47,26084.83,31079.15,14.6,1,4,9.6,0.6024,1
44,56268.58,6818.95,13124.55,4.4,2,5,1.9,0.1212,0
37,83713.25,26827.71,13194.59,,0,6,16.5,0.3205,0
61,36795.59,14212.44,31398.92,4.5,0,1,8.7,0.3863,0
58,43922.03,12498.01,28827.59,11.1,3,8,4.9,0.2845,0
34,59042.71,15214.72,47436.59,4.6,2,1,11.2,0.2577,1
38,23507.7,12908.92,3278.09,6.8,0,8,4.8,0.5491,0
39,37512.56,6478.16,27559.3,11.6,1,6,10.1,0.1727,0
34,39156.79,22221.97,21617.62,11.0,2,2,2.3,0.5675,0
42,20462.82,15306.91,6577.95,8.4,0,5,5.5,0.748,0
30,145886.19,65963.61,16338.35,14.7,2,4,12.4,0.4522,0
26,15609.33,7635.26,30973.81,11.6,2,4,9.7,0.4891,0
47,16666.19,919.08,6882.06,5.3,2,2,4.8,0.0551,0
47,79900.38,55257.63,19035.29,3.0,3,2,7.9,0.6916,0
30,55712.5,12722.41,26824.82,4.2,1,2,5.6,0.2284,0
50,19622.28,9654.96,5671.36,12.0,2,5,11.6,0.492,0
32,52280.22,40950.56,11922.37,9.6,0,7,8.6,0.7833,0
43,87615.24,41740.08,16996.7,14.8,1,5,3.1,0.4764,0
49,35662.04,20675.69,7066.32,10.1,3,1,12.5,0.5798,0
39,172696.97,61524.28,6612.24,11.7,2,2,17.6,0.3563,1
45,12907.49,623.34,11991.63,9.1,1,0,6.2,0.0483,0
33,55066.35,35136.71,25369.72,5.1,0,3,4.8,0.6381,0
37,73124.37,2047.41,22359.07,5.0,1,4,2.7,0.028,0
37,61994.83,34749.73,6706.75,4.3,0,5,5.6,0.5605,0
31,32124.9,589.08,22510.44,5.1,0,5,1.1,0.0183,0
37,30507.72,21045.57,6844.83,15.0,0,2,12.2,0.6898,0
21,47405.2,5978.21,3684.4,10.9,0,3,10.6,0.1261,0
34,59245.95,24374.8,9959.53,6.9,1,5,3.5,0.4114,0
36,52129.38,24903.28,32806.29,9.7,1,5,3.7,0.4777,0
36,67780.83,24810.25,22578.84,9.6,1,1,10.1,0.366,0
37,19705.99,5372.07,13342.94,15.7,1,5,1.4,0.2726,1
39,31676.72,11855.06,9572.37,6.5,1,4,2.7,0.3743,0
45,20660.74,5147.26,9780.93,8.8,1,7,17.6,0.2491,0
50,28805.81,10096.38,14574.49,11.8,1,5,1.6,0.3505,0
32,66778.24,19174.06,5683.09,5.1,4,8,9.9,0.2871,0
25,38746.29,17550.67,10112.36,16.5,2,1,5.4,0.453,0
27,173531.69,33029.91,11243.49,11.5,2,4,6.6,0.1903,0
34,40783.95,32257.06,4533.01,4.2,3,4,8.8,0.7909,0
35,37639.72,15082.08,6831.1,19.5,1,3,2.0,0.4007,0
30,38704.45,6011.95,18553.35,14.7,2,2,9.2,0.1553,0
24,24768.17,9452.86,13461.78,10.7,1,4,3.1,0.3817,0
34,35076.9,24312.93,10435.73,2.1,1,5,5.1,0.6931,0
42,71444.26,1246.38,6443.7,5.7,3,7,13.0,0.0174,0
47,38885.72,21139.96,47168.42,8.4,4,5,12.5,0.5436,1
33,22559.78,9889.63,6833.67,8.8,1,4,2.2,0.4384,0
35,20846.66,2827.77,16338.41,8.0,1,1,4.9,0.1356,0
28,27719.15,18127.8,9042.62,3.5,2,5,2.9,0.654,1
39,37961.13,11202.62,13753.15,6.7,2,3,9.3,0.2951,0
29,74321.23,17468.58,19265.82,7.1,1,4,25.4,0.235,0
46,16247.7,10764.1,4463.97,1.8,0,6,15.7,0.6625,0
18,29974.56,15311.61,13289.2,10.6,0,2,8.3,0.5108,0
35,39600.06,28456.89,34633.72,17.5,2,5,7.3,0.7186,0
43,12085.68,6090.06,54677.17,7.4,1,4,5.1,0.5039,1
42,22022.96,13052.0,12039.99,10.7,2,4,3.2,0.5927,0
72,24150.66,16160.58,13812.72,4.3,1,7,6.6,0.6692,0
44,22525.83,986.44,78359.81,9.4,5,5,6.9,0.0438,1
27,40746.85,25297.24,33121.55,9.5,1,8,14.0,0.6208,0
38,32980.25,16192.15,8153.25,13.8,3,3,3.5,0.491,0
18,26025.4,1447.17,8142.18,15.3,1,0,7.4,0.0556,0
39,46947.14,19101.02,28716.86,10.7,2,2,9.8,0.4069,0
30,102113.97,6736.1,5950.14,5.2,1,5,7.9,0.066,0
50,97105.56,57171.65,31894.26,5.1,5,1,4.5,0.5888,1
33,11456.78,5008.92,17456.02,15.2,2,2,13.7,0.4372,0
38,51340.92,39165.87,20214.93,2.6,2,4,16.2,0.7629,0
32,32636.48,4781.52,10879.25,3.7,4,5,8.2,0.1465,0
60,39858.59,19324.51,8071.87,5.7,1,5,10.4,0.4848,0
36,28596.23,4840.36,43027.48,10.2,3,3,3.5,0.1693,1
61,38970.23,19144.2,10966.61,17.2,4,5,5.4,0.4913,0
49,39769.06,22991.28,9616.66,17.9,1,6,8.8,0.5781,0
45,25658.47,14826.58,12530.12,1.4,0,1,12.7,0.5778,1
44,21208.97,13829.5,15590.51,9.2,0,6,11.5,0.6521,0
44,27744.21,18944.86,5856.69,7.7,1,2,5.0,0.6828,0
18,41795.98,2583.72,8502.39,4.7,3,3,6.2,0.0618,0
36,52020.74,14285.61,8148.38,1.3,3,6,8.5,0.2746,0
50,60597.53,33310.34,26271.09,7.6,1,5,22.2,0.5497,0
39,26997.13,10768.32,6576.32,3.6,7,4,10.0,0.3989,0
23,43058.15,6568.12,3279.3,10.0,2,2,6.2,0.1525,0
39,64699.03,28607.82,2769.23,8.0,1,7,6.3,0.4422,0
60,73083.43,23821.44,4120.36,2.1,2,3,8.4,0.3259,0
54,35055.94,10938.53,39704.93,6.9,2,3,9.0,0.312,0
39,31806.98,20604.66,13534.07,2.9,3,4,5.7,0.6478,1
51,40728.14,13280.58,19950.3,9.0,3,5,9.7,0.3261,0
35,18218.18,385.56,20520.72,,2,2,9.0,0.0212,0
19,32332.7,1501.88,13973.91,6.1,0,2,1.7,0.0465,0
28,56769.35,38886.73,12583.92,14.8,2,5,6.7,0.685,0
58,53378.76,41020.54,30810.82,9.1,1,5,19.6,0.7685,1
36,30879.24,17006.05,15014.88,7.9,5,2,3.1,0.5507,0
37,41383.23,12062.99,40916.06,,1,3,1.8,0.2915,1
36,22141.52,16625.63,21953.11,6.9,3,5,3.4,0.7509,1
62,55386.73,29368.4,8149.92,6.7,3,4,10.1,0.5302,0
59,34658.81,23410.88,8975.85,3.6,3,2,3.8,0.6755,0
66,30774.11,18854.74,7465.35,16.6,0,0,6.3,0.6127,0
38,29230.43,8865.92,35384.83,6.8,2,7,1.8,0.3033,0
43,34970.62,13392.41,9662.03,17.9,2,6,3.6,0.383,0
21,27757.83,4133.3,7053.09,11.1,2,6,5.0,0.1489,0
57,53900.0,12591.65,17254.4,7.2,2,5,5.7,0.2336,0
25,28647.74,17833.23,12360.56,8.4,4,2,7.7,0.6225,1
42,94445.52,67545.8,16909.9,11.2,3,3,4.7,0.7152,0
26,87476.57,50698.65,60587.94,13.1,1,4,9.4,0.5796,0
32,21270.45,7915.56,27735.17,7.8,2,4,16.7,0.3721,0
29,37866.52,2620.64,13651.55,12.4,0,2,3.5,0.0692,0
32,24577.98,1119.73,4329.73,11.0,0,1,6.7,0.0456,0
33,29852.13,8939.53,8955.56,11.3,2,4,19.8,0.2995,1
33,120747.45,44804.23,23596.1,12.5,0,9,3.1,0.3711,0
50,30195.77,14714.29,5235.24,5.5,2,6,11.9,0.4873,0
26,45077.37,234.02,74070.77,15.6,2,2,8.9,0.0052,1
42,50251.35,39787.93,13514.7,9.6,1,3,3.2,0.7918,0
54,19922.85,5800.56,13892.14,13.0,1,3,8.9,0.2912,1
33,21740.73,14750.56,7837.57,7.8,1,6,8.5,0.6785,0
31,17612.89,7537.85,19878.42,8.9,0,4,18.4,0.428,0
37,21341.69,2227.04,5290.13,5.5,2,5,10.1,0.1044,0
54,6568.11,4190.8,75501.97,4.0,0,6,7.3,0.6381,1
42,50349.78,28591.71,38325.89,7.1,4,7,13.4,0.5679,0
33,124556.7,52556.56,29361.43,11.5,1,2,17.0,0.4219,0
45,39683.57,16335.44,4392.51,5.6,0,5,5.6,0.4116,0
26,15525.49,1086.53,15745.83,2.7,1,3,6.6,0.07,0
48,24694.46,12956.67,35146.11,14.2,0,4,24.7,0.5247,0
44,27575.25,20102.25,21471.56,3.7,1,6,6.3,0.729,0
36,19721.19,1471.12,5992.79,9.4,0,1,14.9,0.0746,0
29,60846.5,12827.0,7942.04,19.1,1,7,1.3,0.2108,0
29,59050.96,42625.72,9306.34,34.0,1,3,9.7,0.7218,0
46,18155.5,4129.92,8244.07,7.3,0,1,12.1,0.2275,0
54,56108.84,29353.62,45388.91,14.3,2,5,7.2,0.5232,1
32,90770.32,38836.49,2873.22,9.5,2,6,4.7,0.4279,1
45,113724.59,54253.69,22578.09,4.4,2,5,11.8,0.4771,0
18,202628.03,67400.39,4751.22,6.9,3,4,4.0,0.3326,0
32,21137.51,5072.86,6191.91,5.9,0,7,5.8,0.24,0
39,197705.19,7676.25,2676.36,14.0,1,3,14.5,0.0388,0
29,29362.57,17483.2,8610.66,18.7,2,3,4.5,0.5954,0
28,25451.27,15191.22,44738.3,6.3,0,4,19.2,0.5969,0
31,,23711.25,16512.28,2.7,3,3,3.7,0.5366,0
43,25610.64,13187.1,5122.05,8.7,1,1,8.8,0.5149,0
37,46139.58,8996.0,30143.31,4.6,0,5,15.5,0.195,0
18,16447.91,294.02,35776.39,3.9,0,3,1.8,0.0179,0
18,31468.69,20359.37,14519.35,5.2,2,2,4.8,0.647,0
32,78538.9,30858.78,68036.48,5.0,1,1,8.4,0.3929,1
45,35093.22,8614.35,25777.35,10.0,0,5,3.4,0.2455,0
18,39535.63,3223.95,23066.16,11.3,2,3,9.1,0.0815,0
34,48298.47,2423.49,7025.47,9.3,2,2,4.9,0.0502,0
33,73305.94,20459.2,22068.77,4.6,1,8,5.5,0.2791,0
56,13451.76,8660.1,15889.81,4.6,1,2,7.9,0.6438,0
35,51570.98,37903.59,20249.05,7.6,1,4,7.9,0.735,0
44,30918.7,22181.11,7725.88,6.5,0,2,3.9,0.7174,0
41,40134.14,29538.75,14801.43,8.1,2,7,4.2,0.736,0
18,68594.67,49812.1,6950.1,9.8,4,8,10.7,0.7262,0
49,17738.42,7481.71,2397.77,7.6,3,6,4.8,0.4218,0
42,19779.74,3471.99,29692.32,,0,5,10.1,0.1755,0
46,11370.1,7259.1,4016.19,8.9,1,4,10.6,0.6384,0
80,26121.26,4465.96,14555.86,11.1,2,5,4.6,0.171,0
18,80681.08,17246.86,17437.91,3.8,2,4,13.0,0.2138,0
60,33780.79,6303.61,17348.31,2.5,2,6,1.9,0.1866,1
36,16251.25,6695.29,10652.36,4.5,2,3,11.4,0.412,0
43,27135.35,6986.32,16596.87,13.5,2,7,8.7,0.2575,0
39,14872.71,1834.17,19472.8,9.0,2,7,5.8,0.1233,1
34,18488.21,6702.69,24051.96,5.5,1,4,26.8,0.3625,0
33,45857.38,32060.08,53463.43,5.0,2,4,17.7,0.6991,0
43,17955.94,8195.85,16112.58,11.4,3,2,8.7,0.4564,0
21,70797.61,49747.25,14062.11,9.1,2,12,,0.7027,0
49,34798.44,5452.84,6467.97,3.4,1,4,4.9,0.1567,1
35,38229.27,5106.63,18934.81,3.4,0,3,5.4,0.1336,0
26,30729.43,14149.73,22786.11,10.9,4,4,5.2,0.4605,0
34,57740.19,21402.16,11454.72,5.4,1,3,2.3,0.3707,0
55,58098.55,30684.06,20654.53,2.9,1,4,2.8,0.5281,0
33,44401.68,28226.21,10572.24,2.8,1,4,3.4,0.6357,0
44,50963.93,30631.66,22852.0,10.0,3,5,5.2,0.601,0
31,31976.17,24103.92,27724.78,5.6,2,9,3.3,0.7538,0
49,50277.95,16018.81,27416.55,11.9,2,4,6.0,0.3186,0
48,29651.66,4895.77,14680.5,8.2,2,5,8.0,0.1651,0
62,36364.16,16026.78,5814.01,6.2,3,2,17.7,0.4407,0
37,30798.27,2728.56,8188.37,7.9,1,5,4.1,0.0886,0
48,27602.7,6378.46,21506.83,20.1,0,4,9.3,0.2311,0
41,24017.38,3994.34,94755.0,4.3,1,1,10.5,0.1663,1
55,48079.64,15253.31,10172.3,14.7,3,5,4.6,0.3173,0
31,79727.0,7093.57,19238.53,10.9,1,5,9.0,0.089,0
48,73325.31,1867.84,8562.59,5.7,3,6,9.9,0.0255,0
37,17086.79,8978.0,6129.24,10.9,2,5,16.2,0.5254,0
39,78709.71,38426.02,7777.17,8.8,3,2,9.3,0.4882,0
41,30004.57,17003.2,2525.07,7.5,4,7,11.9,0.5667,0
43,52074.98,27511.69,39448.37,6.5,0,3,7.0,0.5283,0
38,21084.02,1927.83,2243.73,13.1,1,2,11.6,0.0914,0
42,39544.74,9208.51,10817.68,8.1,1,2,8.5,0.2329,0
58,43837.02,4542.45,5205.64,4.5,2,7,14.3,0.1036,0
51,14901.8,10049.44,6584.65,7.8,1,5,6.9,0.6744,0
50,52310.91,31256.97,40183.76,2.9,1,1,9.6,0.5975,1
34,81435.05,13129.09,15691.17,5.4,4,3,11.5,0.1612,0
29,,8929.37,6171.41,10.7,0,7,3.1,0.273,0
51,82133.47,63513.15,8336.4,4.1,4,8,2.8,0.7733,0
50,32408.76,15404.77,7241.73,24.1,1,4,,0.4753,0
57,60460.81,38750.81,12902.33,1.7,1,2,4.1,0.6409,0
32,,2030.72,15341.45,6.4,0,4,3.4,0.2117,1
37,155013.37,26048.81,60867.81,11.3,1,4,7.0,0.168,0
20,89078.65,55864.21,2884.07,3.0,3,1,15.3,0.6271,0
35,30614.37,16798.04,12992.79,11.5,0,2,14.4,0.5487,1
51,11122.74,6059.47,10379.06,11.0,2,2,12.5,0.5448,0
34,43166.37,19084.18,28488.02,6.7,0,2,11.5,0.4421,0
47,15269.99,6884.67,17744.92,4.6,1,4,2.7,0.4509,0
37,47425.35,27912.57,21424.49,8.0,4,9,13.1,0.5886,0
43,46487.53,10041.4,17607.3,10.8,2,6,6.2,0.216,0
26,20643.55,5825.91,6338.56,4.8,1,2,8.9,0.2822,0
41,71152.46,49615.28,35207.43,7.4,1,9,11.4,0.6973,0
18,58885.19,14550.07,25306.18,3.1,2,6,9.9,0.2471,0
37,65218.21,28503.47,27789.79,12.3,0,6,9.0,0.437,0
20,36509.02,20522.14,36726.0,18.4,1,2,9.8,0.5621,0
54,15532.43,12425.01,18660.05,6.0,3,3,2.1,0.7999,0
49,65298.44,22739.08,43686.48,5.2,1,4,9.1,0.3482,0
45,30877.32,10574.69,18071.87,13.8,2,1,4.3,0.3425,0
58,15774.21,10632.93,11212.15,13.6,1,6,9.0,0.6741,1
28,81733.86,52669.5,13289.33,11.6,1,3,8.1,0.6444,0
60,127981.95,74851.61,13107.3,3.7,1,7,6.6,0.5849,0
51,35427.77,13128.95,8817.44,1.0,0,4,10.3,0.3706,0
37,132650.44,34376.53,49291.7,7.2,2,7,18.4,0.2592,0
53,,18681.06,16933.28,10.0,1,5,5.4,0.487,0
26,28903.75,20260.91,14411.63,6.0,2,2,5.3,0.701,0
30,24877.65,17589.05,18226.27,13.5,0,5,7.5,0.707,0
32,96978.97,8417.65,144912.24,5.3,0,4,1.9,0.0868,1
33,22740.75,7792.81,5402.52,2.5,1,2,6.4,0.3427,0
27,56452.88,20987.91,6795.18,6.0,1,3,8.3,0.3718,0
54,25964.92,20306.96,4427.29,9.5,2,7,10.3,0.7821,0
36,,14943.94,11091.35,4.1,4,5,5.8,0.5424,0
44,67383.12,21953.23,16259.21,9.0,2,3,10.4,0.3258,0
33,28911.01,602.69,9207.21,7.2,1,4,5.0,0.0208,0
18,28484.71,12883.87,8675.16,18.1,1,7,6.7,0.4523,0
43,71659.63,5507.82,14971.8,12.6,2,3,11.5,0.0769,0
18,94697.07,63215.97,8940.2,25.4,1,1,18.0,0.6676,0
39,53466.68,32187.74,17122.36,3.5,4,3,15.8,0.602,0
23,24517.39,9032.39,32577.84,15.0,1,3,11.1,0.3684,0
63,26732.49,9179.1,22962.65,1.9,1,7,9.5,0.3434,0
50,38099.22,27350.33,27032.92,13.2,2,4,3.1,0.7179,0
41,44026.99,10159.96,31848.15,2.4,0,4,2.9,0.2308,0
55,20076.0,3999.46,16751.83,11.4,0,8,13.4,0.1992,0
29,56040.1,42106.17,11767.39,9.0,2,3,12.6,0.7514,0
46,38227.41,24748.3,7202.6,9.6,1,2,1.3,0.6474,0
42,12972.34,8516.35,9769.86,1.7,2,4,3.4,0.6565,0
43,20798.67,3247.82,8787.2,10.9,1,7,4.8,0.1562,0
55,26836.62,3076.46,23988.69,2.5,0,2,7.2,0.1146,0
48,34762.18,723.88,17631.21,18.2,1,1,5.8,0.0208,1
43,112822.07,21394.81,23327.92,5.1,2,5,6.9,0.1896,0
20,41894.2,25947.27,5280.26,6.3,2,1,9.2,0.6194,0
28,21928.38,4210.92,41998.94,14.9,2,4,,0.192,0
38,41455.61,24180.34,9494.0,8.2,1,3,4.3,0.5833,0
41,29399.92,5924.87,5541.31,8.3,1,2,6.2,0.2015,0
26,44128.23,13954.85,9401.51,10.3,0,3,11.5,0.3162,0
68,51448.71,40465.95,97442.02,4.3,0,7,21.1,0.7865,1
58,75022.13,14693.04,9796.95,5.1,0,3,,0.1958,0
47,35790.15,10776.29,10300.24,8.4,2,4,14.5,0.3011,0
40,97088.32,23385.64,11456.54,18.9,2,1,5.9,0.2409,0
37,62618.35,5491.63,11862.1,11.9,2,2,21.5,0.0877,1
28,23754.71,9309.83,7149.65,12.4,3,3,5.0,0.3919,0
40,136750.5,41428.91,14981.49,15.6,3,5,7.8,0.303,0
43,44187.48,24564.25,31586.21,13.5,0,5,15.9,0.5559,0
25,22002.81,14391.5,17178.8,11.6,0,7,8.8,0.6541,0
44,97904.5,42627.6,5492.11,7.2,0,7,7.0,0.4354,0
38,126331.74,3253.94,10142.84,1.5,1,5,8.7,0.0258,0
18,35602.99,17628.39,8593.64,4.1,1,6,6.1,0.4951,0
29,26844.33,1189.54,13937.68,4.4,1,5,9.7,0.0443,0
35,32747.27,16147.19,38729.67,14.2,4,1,11.5,0.4931,1
62,55761.51,30558.64,11859.61,10.8,2,2,4.2,0.548,0
46,78175.69,12368.5,12450.0,0.9,0,5,6.6,0.1582,0
23,51138.47,33520.09,55387.87,8.1,0,8,4.2,0.6555,0
45,38601.02,28135.05,26929.15,1.5,2,5,3.3,0.7289,0
21,89215.23,58031.79,21147.25,7.1,1,5,6.8,0.6505,0
52,30100.53,7347.16,63991.48,13.7,0,3,7.9,0.2441,1
34,67410.2,31636.58,19768.58,10.7,2,3,12.5,0.4693,0
38,30551.29,22359.03,2726.51,6.4,2,4,8.0,0.7319,0
55,47033.42,12065.57,26007.3,,1,10,3.4,0.2565,0
24,33923.47,22254.55,3738.33,5.1,1,0,22.6,0.656,0
23,35118.69,266.2,19179.63,3.3,4,3,5.4,0.0076,0
32,28957.02,84.48,3391.42,4.9,0,4,7.4,0.0029,0
52,81382.25,49461.64,9195.92,12.9,1,3,5.9,0.6078,0
21,23394.22,14250.78,9986.33,15.2,0,1,2.9,0.6092,0
18,23291.89,14701.42,7214.91,13.3,0,5,1.2,0.6312,0
34,129650.3,96462.61,10106.34,12.5,1,5,8.9,0.744,0
46,65297.47,6159.19,30517.31,3.8,1,1,2.9,0.0943,0
54,8681.35,1611.15,7546.49,6.7,2,4,7.1,0.1856,0
34,25870.14,18703.59,20663.26,7.1,3,0,2.2,0.723,0
35,12244.18,1736.09,6170.16,5.8,2,5,18.5,0.1418,1
53,20528.83,11204.29,11480.44,4.1,1,3,8.9,0.5458,0
18,5524.19,2344.3,17310.55,9.0,2,3,5.6,0.4244,0
35,33449.97,2226.26,6019.61,8.8,0,7,10.9,0.0666,0
42,18303.27,4177.01,4677.99,6.6,4,4,9.6,0.2282,0
45,37644.54,15671.34,19801.29,17.2,0,7,2.9,0.4163,0
33,13696.93,9339.66,32809.2,6.0,1,1,10.5,0.6819,1
40,38167.78,21604.14,12540.87,7.4,1,4,17.3,0.566,0
18,28312.26,14085.53,9266.39,3.0,1,2,5.3,0.4975,0
32,89426.45,35486.77,15131.6,11.7,0,6,13.8,0.3968,0
45,,20237.68,13966.04,14.9,4,3,5.0,0.2389,0
28,58174.79,5549.64,16225.22,2.7,2,6,9.6,0.0954,0
40,29852.73,9769.63,1767.65,10.3,1,3,12.5,0.3273,0
45,119518.71,2726.79,5680.06,6.4,0,2,,0.0228,0
35,14302.35,2414.88,6794.14,12.1,5,5,6.9,0.1688,0
42,15644.35,5412.74,15073.51,9.2,1,2,9.0,0.346,0
28,34535.05,11565.24,15501.66,9.2,4,6,4.9,0.3349,0
37,140424.16,4976.12,22224.36,8.8,0,4,7.5,0.0354,0
47,32163.79,15157.13,16416.88,19.6,1,6,3.3,0.4712,0
41,32534.39,14306.91,4719.28,3.3,2,2,8.3,0.4397,1
32,15288.46,955.28,42514.64,1.5,0,6,6.8,0.0625,0
42,64058.87,48334.37,36957.9,11.8,3,2,4.9,0.7545,0
48,64338.0,5115.27,4882.64,3.9,1,2,4.6,0.0795,0
18,58305.12,39872.97,17433.77,12.2,3,6,4.4,0.6839,0
53,24896.13,6.17,8297.09,11.5,0,0,7.6,0.0002,0
35,23765.16,16774.04,14929.45,4.8,2,6,6.3,0.7058,0
45,16716.08,263.71,31028.09,28.5,1,5,15.2,0.0158,0
54,38189.79,23152.55,73429.67,16.5,1,6,11.6,0.6062,1
23,18991.67,5495.29,24367.9,7.6,1,4,13.9,0.2894,0
31,17917.8,10581.78,16914.86,8.9,3,5,11.5,0.5906,0
36,28163.6,9051.67,10179.62,14.4,4,2,5.0,0.3214,0
30,27078.8,1536.08,15455.31,3.5,2,4,4.7,0.0567,0
60,26297.07,16146.54,39648.86,10.3,2,5,3.9,0.614,1
29,48043.72,2738.6,12890.33,7.5,0,2,12.5,0.057,0
33,38079.4,28091.03,6575.53,16.8,3,6,3.7,0.7377,0
42,30549.59,1245.79,3656.45,2.2,0,1,4.9,0.0408,0
25,40530.41,15541.8,20139.5,9.3,3,2,10.3,0.3835,0
35,20031.95,11587.03,16282.24,3.5,2,3,9.1,0.5784,0
43,38683.45,12169.7,7968.67,10.4,1,5,2.7,0.3146,0
36,39749.86,6908.0,30357.88,8.2,2,5,,0.1738,0
38,14737.81,8949.87,9533.61,8.7,3,4,5.0,0.6073,0
33,66000.41,41411.02,11995.47,12.6,0,4,5.4,0.6274,0
21,21399.86,15796.43,13182.81,11.0,4,8,5.5,0.7382,0
43,38337.58,11537.01,10089.37,,0,5,9.7,0.3009,0
61,73031.57,29577.89,16134.13,1.8,1,4,5.5,0.405,0
40,63285.15,18384.51,33564.09,2.4,2,3,8.4,0.2905,0
42,37071.36,7624.3,5356.22,5.3,4,2,9.6,0.2057,0
48,29216.84,17554.25,19748.17,8.8,0,4,3.7,0.6008,0
24,64119.71,17422.7,15332.45,7.8,1,5,13.6,0.2717,0
60,54437.96,18646.07,15108.47,9.0,1,3,9.6,0.3425,0
42,25058.82,8092.47,26835.36,14.7,1,4,9.4,0.3229,0
59,22540.38,12850.92,13897.13,5.5,3,3,18.4,0.5701,0
31,10473.33,7689.9,19617.62,12.2,3,6,17.0,0.7342,0
61,39831.73,21246.44,23687.24,8.6,0,5,7.8,0.5334,0
49,34557.55,13037.39,8924.07,15.5,3,2,11.3,0.3773,0
46,71805.39,44760.9,16972.45,9.2,1,6,13.7,0.6234,0
42,45045.71,23098.41,10931.13,18.4,1,2,5.6,0.5128,0
37,80865.09,3921.01,12014.32,11.6,0,9,11.8,0.0485,0
54,23898.75,1828.99,10325.28,13.8,2,4,13.7,0.0765,0
41,71889.84,2180.67,19474.56,5.4,2,7,2.9,0.0303,0
18,26440.45,9662.74,14261.46,15.4,4,6,,0.3655,0
26,57904.92,38256.78,18317.92,18.6,1,3,8.0,0.6607,0
37,15134.69,3790.73,13173.81,10.8,1,2,7.4,0.2505,0
43,41817.96,12851.84,3702.28,6.8,1,4,14.7,0.3073,0
39,11038.97,8031.75,13699.23,14.0,0,4,8.6,0.7276,0
54,30937.29,20713.22,14056.36,12.1,2,4,4.7,0.6695,0
18,47297.48,25164.08,16221.24,21.6,0,3,6.5,0.532,0
41,26566.83,5670.5,8308.35,10.6,3,4,7.4,0.2134,0
18,19336.26,1810.52,5133.92,7.5,3,7,13.5,0.0936,0
49,60335.21,775.13,22019.54,8.6,2,3,2.0,0.0128,0
38,34129.67,2921.79,10733.39,4.7,1,7,6.5,0.0856,0
45,27072.06,6336.95,15321.24,6.7,1,4,8.8,0.2341,0
29,37239.96,16438.91,10666.17,2.1,0,3,9.5,0.4414,0
55,176663.4,9045.18,13295.1,7.4,2,10,,0.0512,0
52,72555.11,7907.22,9326.1,14.2,0,4,10.0,0.109,0
47,72951.07,10568.02,6158.16,22.9,2,4,2.1,0.1449,0
38,47161.25,23844.05,19515.91,6.4,4,2,7.1,0.5056,1
46,40130.47,19769.55,8246.17,11.3,1,0,10.5,0.4926,0
31,8624.4,3800.02,15232.11,7.5,1,3,14.5,0.4406,0
50,24163.82,4842.46,18552.65,6.3,4,1,11.7,0.2004,0
59,27218.59,8081.08,8354.45,4.0,3,2,3.9,0.2969,1
52,11790.68,912.03,5099.47,,2,7,5.4,0.0774,1
31,18134.12,3285.33,93047.79,2.7,0,3,12.2,0.1812,1
44,11064.51,7946.13,8758.52,10.2,3,5,6.3,0.7182,0
24,35489.98,27815.39,21998.59,,0,0,9.7,0.7838,1
46,59353.1,30752.48,63042.91,5.6,0,4,13.9,0.5181,1
45,70549.14,51744.88,25132.73,17.1,2,2,12.9,0.7335,1
18,46577.4,23949.8,10505.41,3.9,2,2,6.7,0.5142,0
26,20372.93,541.05,12661.32,9.7,0,3,6.7,0.0266,0
36,11393.07,9084.95,6863.1,15.4,0,4,7.1,0.7974,0
36,12655.9,1001.86,27047.7,10.0,1,0,16.6,0.0792,0
25,16959.96,9262.06,21015.52,10.3,1,1,10.8,0.5461,0
44,21304.73,4309.29,8852.54,9.9,0,6,3.3,0.2023,0
43,32996.31,10347.14,5803.75,3.2,1,2,6.6,0.3136,0
37,19761.71,10211.81,4642.52,,2,2,5.2,0.5167,0
30,44506.28,15541.14,29413.56,15.1,3,2,15.0,0.3492,0
52,31591.26,6332.05,14710.23,9.3,1,1,4.9,0.2004,0
59,36546.01,9778.14,15866.86,8.4,1,3,2.9,0.2676,0
34,71980.49,19667.84,6916.33,3.0,4,2,13.9,0.2732,0
32,17887.56,13727.97,4143.09,4.8,2,4,6.7,0.7675,0
45,46687.08,29827.93,28856.51,9.8,2,2,14.2,0.6389,0
35,36012.31,13210.72,13816.67,2.2,1,2,8.9,0.3668,0
38,29729.89,4752.52,27605.98,4.5,1,6,5.7,0.1599,0
48,61768.81,40076.4,9810.94,6.5,0,4,15.5,0.6488,0
18,61537.9,7738.14,11053.98,3.6,2,5,19.7,0.1257,0
55,20580.63,3465.16,23638.65,4.6,2,4,21.9,0.1684,0
40,32555.57,9532.62,24001.66,10.3,1,5,12.5,0.2928,0
35,42990.18,30277.06,25287.17,7.5,2,6,3.7,0.7043,0
38,30828.53,3250.23,10549.56,11.9,3,5,8.1,0.1054,0
39,,5044.49,21843.04,6.3,0,4,4.4,0.0978,0
19,42989.67,16988.66,32444.28,7.4,3,3,5.9,0.3952,1
57,109047.27,24113.45,12285.59,9.2,1,7,12.2,0.2211,1
40,14498.96,6596.77,8859.18,4.8,1,4,,0.455,0
45,33743.34,12191.78,39112.53,10.6,4,6,5.2,0.3613,1
51,21055.11,7326.49,7914.43,4.0,0,6,1.7,0.348,0
27,52180.52,4674.25,22105.49,5.1,2,4,9.6,0.0896,0
45,13762.42,1552.95,12749.69,5.7,0,2,7.6,0.1128,0
36,44702.63,29363.5,3061.77,,1,6,5.3,0.6569,0
50,24883.77,17635.28,32954.24,8.3,0,2,1.6,0.7087,1
18,23376.88,4388.94,1471.03,5.4,0,4,5.1,0.1877,0
38,15246.44,1383.89,2731.75,7.1,0,4,2.6,0.0908,0
32,27472.87,1174.01,20370.93,14.6,1,4,6.0,0.0427,0
45,69612.56,33876.12,20366.71,15.3,0,2,11.5,0.4866,0
45,35770.79,20471.0,8021.94,0.5,1,5,7.1,0.5723,0
31,52923.79,15784.41,15036.83,10.3,1,5,4.7,0.2982,0
31,98595.91,53610.61,1763.15,1.8,1,4,8.1,0.5437,0
38,42542.27,24264.71,23519.39,10.7,1,3,4.7,0.5704,0
29,25970.6,19433.12,16314.02,13.3,1,4,7.6,0.7483,0
50,48067.01,2494.63,12880.7,5.9,2,3,9.1,0.0519,0
35,26197.58,4030.06,13584.34,15.6,2,3,3.5,0.1538,0
18,26831.89,1470.95,19823.1,4.9,1,7,1.7,0.0548,0
35,14589.6,10130.95,13054.38,14.2,4,3,10.8,0.6944,0
27,63307.21,40141.19,2983.21,13.1,2,1,1.5,0.6341,0
20,28807.71,13243.3,77425.06,2.9,0,2,8.8,0.4597,1
25,40508.17,2711.24,34913.91,6.2,3,1,7.2,0.0669,0
41,19504.94,4264.75,4779.28,2.5,1,2,9.5,0.2186,0
55,47172.6,11235.38,10136.42,3.7,2,3,9.2,0.2382,0
43,22990.47,10313.4,11060.91,15.8,2,7,14.7,0.4486,0
32,33355.39,6885.72,31668.56,10.6,1,4,5.7,0.2064,0
45,61494.04,3589.28,2374.6,5.3,4,7,,0.0584,0
34,58364.06,34120.2,8962.4,1.9,3,2,9.9,0.5846,0
31,35838.64,8574.9,3266.55,2.4,5,1,7.6,0.2393,0
26,12570.67,4549.32,10635.19,7.1,1,6,3.4,0.3619,0
18,218750.34,22341.7,9154.49,16.3,2,4,6.1,0.1021,0
35,103519.51,66463.53,14239.22,12.3,1,4,5.3,0.642,0
41,56027.89,25348.45,8234.6,7.3,1,6,15.9,0.4524,0
38,23111.32,16669.47,7325.97,7.3,1,6,12.2,0.7213,0
35,33922.87,13446.25,21932.51,9.3,1,6,4.9,0.3964,0
28,26211.35,19740.83,19220.61,14.7,3,4,11.2,0.7531,0
47,77521.73,55311.33,20766.96,4.2,2,5,2.6,0.7135,0
24,42510.3,19604.39,11596.75,9.2,0,4,7.0,0.4612,0
49,22685.96,16949.02,8455.81,3.5,2,2,14.9,0.7471,0
27,27379.42,7076.79,12147.98,8.7,3,4,2.9,0.2585,0
30,71161.9,20815.83,19948.91,7.2,0,5,8.7,0.2925,0
22,94850.64,3450.89,2341.57,2.6,0,5,17.0,0.0364,0
33,90853.08,42824.57,18311.59,9.3,0,5,23.1,0.4714,0
51,,33032.27,17108.16,5.7,1,2,10.5,0.5775,0
46,31207.85,19311.9,14040.77,6.2,1,0,5.9,0.6188,0
51,5193.13,622.41,11855.52,4.5,2,3,8.8,0.1199,0
46,43403.53,15422.46,1714.89,8.6,1,9,10.8,0.3553,0
26,36275.68,5132.67,9396.73,8.3,3,6,10.3,0.1415,0
36,39497.37,20921.83,55912.93,11.9,2,0,4.9,0.5297,1
30,37509.08,4739.54,13498.33,9.9,1,3,12.0,0.1264,0
55,16386.99,11853.22,10448.02,4.5,2,3,6.5,0.7233,0
25,50738.75,9361.69,13541.64,12.3,1,3,5.3,0.1845,0
50,53068.02,12371.31,17744.28,14.0,1,7,11.9,0.2331,0
50,54688.2,37227.63,22630.55,4.9,0,4,9.8,0.6807,0
61,64083.76,23504.26,11124.4,6.5,2,1,18.4,0.3668,0
35,52178.77,1001.66,18768.51,5.7,1,1,5.7,0.0192,0
48,28395.4,11235.18,51088.8,8.1,1,4,5.7,0.3957,0
67,34804.36,2353.98,29881.67,4.7,2,2,8.0,0.0676,0
32,38356.33,30235.37,86876.27,11.8,0,4,15.4,0.7883,1
21,38739.68,18226.6,7899.73,4.0,2,5,19.8,0.4705,0
18,66100.43,13565.53,51069.95,6.1,0,3,24.9,0.2052,0
48,53433.93,24097.32,7097.24,9.7,2,2,3.8,0.451,0
18,126298.83,7766.58,17727.15,8.1,2,2,17.1,0.0615,0
35,136472.91,87330.8,24004.13,8.3,1,1,26.4,0.6399,0
45,38093.15,28198.93,8878.41,3.7,0,5,13.6,0.7403,0
42,3633.7,2541.97,14333.74,7.3,2,5,2.1,0.6996,0
45,76274.92,20854.03,27677.33,13.6,1,8,7.7,0.2734,0
42,26259.27,6843.55,7568.75,11.4,3,4,9.2,0.2606,0
55,22451.43,630.21,50792.64,6.6,2,1,22.9,0.0281,0
28,28593.45,14900.63,4413.06,8.0,0,4,6.6,0.5211,0
31,27778.4,11887.04,63054.4,8.9,2,3,6.2,0.4279,0
30,52436.69,19269.28,29764.18,15.7,1,2,11.2,0.3675,0
49,14247.53,10345.2,12434.37,5.9,2,3,5.6,0.7261,0
50,19022.31,2554.76,9680.47,11.3,1,9,24.3,0.1343,0
45,44618.11,345.03,8905.08,8.1,1,1,3.1,0.0077,0
54,52773.6,3095.34,11984.43,13.6,0,4,14.3,0.0587,0
25,53365.78,9536.31,12851.34,14.4,1,2,5.9,0.1787,0
60,22646.9,603.05,36467.66,8.4,1,5,8.8,0.0266,0
58,20191.98,8122.73,64532.44,5.3,1,3,13.7,0.4023,1
48,26796.3,6733.17,15670.01,13.4,1,3,8.5,0.2513,0
61,41936.99,6055.13,6791.98,7.9,3,5,5.4,0.1444,0
20,88546.79,53134.03,8633.62,3.2,0,2,18.3,0.6001,0
33,,1738.83,11539.46,2.7,1,3,2.0,0.1636,1
31,31810.85,17498.64,5859.98,7.9,2,2,3.5,0.5501,0
48,16324.02,4561.13,5202.25,1.0,2,5,2.5,0.2794,0
27,13475.85,5517.85,71517.81,5.7,4,1,8.3,0.4095,1
49,64872.17,48465.59,17019.09,13.9,2,4,18.1,0.7471,0
56,50351.05,1504.56,6860.21,15.4,2,1,3.0,0.0299,0
48,47555.85,19032.4,25675.25,13.9,2,4,15.2,0.4002,0
43,63108.8,43137.29,5204.73,8.0,1,5,5.7,0.6835,0
28,27232.56,12809.64,5559.09,,1,4,7.1,0.4704,0
29,28012.82,6204.74,7027.36,14.7,0,4,21.6,0.2215,0
54,134785.29,42881.25,50191.98,8.7,0,2,3.7,0.3181,1
49,31321.42,17045.51,10912.85,3.2,1,10,13.1,0.5442,0
39,56448.23,40227.8,1894.36,8.3,0,3,5.4,0.7126,0
34,36454.82,1197.65,35173.66,13.5,2,2,10.1,0.0329,1
18,11980.61,685.66,10455.62,1.7,1,11,14.7,0.0572,0
27,10649.01,2769.18,3042.62,7.1,1,6,9.9,0.26,0
62,25657.97,4778.12,10369.8,16.4,0,2,15.4,0.1862,0
24,68436.44,14504.74,20268.09,8.0,2,3,7.1,0.2119,0
42,58277.71,10316.09,18457.74,3.7,0,2,13.1,0.177,0
52,62846.23,9845.49,56315.89,12.6,0,3,10.8,0.1567,0
24,20085.88,2098.96,6753.29,10.8,0,5,7.5,0.1045,0
42,95752.64,71542.86,13868.51,8.7,2,5,16.9,0.7472,0
51,20354.64,2347.94,7633.83,3.8,1,3,6.7,0.1154,0
40,41261.89,6747.27,3890.32,9.4,1,4,8.4,0.1635,0
74,36090.63,7110.31,27130.72,11.3,1,5,3.6,0.197,0
19,32717.84,24420.99,19353.25,3.1,1,3,10.9,0.7464,0
52,81077.06,49016.86,16763.22,9.2,1,5,6.2,0.6046,0
37,23787.93,15028.25,18796.62,6.7,0,5,5.4,0.6318,0
49,16159.07,1354.24,7720.4,2.3,2,6,6.0,0.0838,0
45,36753.81,24590.06,5975.62,6.9,2,4,5.2,0.669,0
31,28569.76,9329.58,13768.21,6.0,3,2,12.1,0.3266,0
42,275523.93,57931.23,33825.46,7.4,3,7,9.2,0.2103,0
18,54497.19,25101.41,48361.62,5.6,2,4,3.3,0.4606,0
47,28407.14,18684.69,25244.06,2.7,3,4,10.8,0.6577,0
43,19270.55,12004.04,13675.2,15.9,1,3,2.4,0.6229,0
47,11752.57,8367.81,16577.92,26.9,0,6,12.1,0.712,0
52,19631.07,14576.18,13484.22,6.2,1,5,6.8,0.7425,0
44,38908.39,7411.96,5879.61,7.9,1,2,14.8,0.1905,0
41,85510.73,28995.52,13625.77,26.5,2,1,5.5,0.3391,0
29,71183.3,833.05,4592.31,3.8,1,10,3.8,0.0117,0
31,41666.67,29310.72,12097.31,5.3,0,2,8.3,0.7035,1
54,29914.52,3699.16,49458.25,10.1,2,7,11.5,0.1237,1
57,42671.54,29408.37,25804.07,9.0,1,2,1.6,0.6892,0
37,26604.01,7010.42,6383.71,13.5,0,6,5.3,0.2635,0
40,101825.76,29988.39,12607.62,10.9,1,2,8.9,0.2945,0
29,32418.54,1014.89,6853.39,17.1,0,3,2.9,0.0313,0
54,34482.16,9017.19,12708.03,9.6,3,4,10.9,0.2615,0
47,9609.49,6829.38,30726.67,3.2,0,5,8.1,0.7107,0
63,32297.31,660.09,22525.57,6.2,0,5,8.9,0.0204,0
29,59987.44,19499.64,97471.5,12.6,2,2,19.1,0.3251,1
35,19136.76,480.71,34682.2,1.5,0,5,10.0,0.0251,0
42,23145.78,6868.25,15728.04,7.0,0,6,,0.2967,0
47,58432.45,8070.25,22964.85,9.3,5,3,4.7,0.1381,0
37,14973.03,3021.18,11362.18,9.4,1,4,6.4,0.2018,0
29,68506.27,48096.79,5420.79,5.0,4,1,16.0,0.7021,0
50,26389.29,9205.62,37972.64,6.0,1,2,6.9,0.3488,0
48,28763.4,6300.29,29947.26,8.8,0,2,7.2,0.219,0
29,18502.72,8723.49,11016.58,12.3,3,3,10.1,0.4715,0
56,45561.93,5179.73,16633.08,3.3,1,2,19.6,0.1137,0
54,158882.97,32970.33,36053.22,8.1,1,6,16.2,0.2075,0
41,58040.62,25363.66,26293.61,15.2,3,1,6.9,0.437,0
40,21621.18,4108.42,4144.42,7.7,1,4,3.8,0.19,0
46,71780.8,38998.67,16234.53,10.3,1,0,7.6,0.5433,0
29,30031.2,11808.06,11683.05,17.0,0,5,10.7,0.3932,0
40,82842.04,51162.52,32545.7,8.7,0,3,12.9,0.6176,0
18,58924.12,44699.58,30480.25,16.7,3,3,7.6,0.7586,0
50,6211.24,575.43,38364.44,6.3,1,5,19.8,0.0926,0
21,19881.64,5322.95,5462.62,14.2,2,5,9.2,0.2677,0
58,63999.54,16360.79,7134.6,9.3,0,2,11.9,0.2556,0
36,39775.02,4810.64,32573.88,9.4,1,3,12.1,0.1209,0
37,19648.31,12736.87,8322.21,10.3,0,1,10.7,0.6482,0
32,24830.95,15094.81,3955.47,9.3,1,6,19.8,0.6079,0
36,11571.01,4484.23,20456.93,9.5,2,4,17.3,0.3875,0
57,34440.07,14816.69,8623.32,20.1,2,6,6.7,0.4302,0
18,136818.96,6517.41,55928.68,10.6,2,5,12.7,0.0476,0
55,58862.53,26158.85,16931.78,14.4,1,4,10.4,0.4444,0
44,135164.82,85569.23,15187.19,4.9,2,1,4.0,0.6331,0
25,61662.93,28307.11,9942.81,2.7,0,8,2.8,0.4591,0
27,67271.21,14277.98,47699.12,2.9,0,8,3.6,0.2122,1
60,118711.0,63396.26,17798.04,3.5,0,2,24.8,0.534,0
28,45540.53,13169.9,9635.41,16.9,0,6,5.1,0.2892,0
26,32456.75,14147.85,7077.9,2.8,1,3,8.0,0.4359,0
53,,26320.94,12597.1,7.3,0,5,8.1,0.3901,0
44,86881.83,26493.75,6111.23,23.0,3,3,17.4,0.3049,0
28,27228.55,15659.2,30427.5,11.7,5,4,9.8,0.5751,1
42,23554.18,16655.18,3144.24,5.7,0,4,10.1,0.7071,0
27,39470.69,164.59,11948.83,4.7,1,7,11.1,0.0042,0
53,59808.28,44670.4,21766.05,6.4,4,7,8.4,0.7469,0
52,58621.37,23988.57,17565.56,9.6,0,5,16.8,0.4092,0
46,15452.09,8662.22,7526.41,6.6,1,1,14.8,0.5606,0
44,114343.65,78268.19,22656.61,11.7,2,6,7.0,0.6845,0
61,24718.35,9236.83,6575.91,19.6,0,4,,0.3737,0
39,30975.78,20691.18,13122.61,5.2,0,3,9.4,0.668,0
25,21129.12,3002.36,22504.56,20.2,1,3,3.5,0.1421,0
45,183321.61,23343.08,19347.73,8.9,0,7,12.9,0.1273,0
65,,22087.01,7785.11,6.5,2,3,15.6,0.526,0
27,21794.54,15171.49,34821.69,4.6,2,4,5.3,0.6961,0
35,60983.23,43538.42,14319.19,10.9,1,8,21.5,0.7139,0
44,57611.73,29669.6,24206.98,5.4,3,10,5.4,0.515,0
39,32447.02,13640.45,45400.61,11.5,2,3,4.0,0.4204,0
28,60136.01,15942.93,32663.6,8.1,3,0,10.5,0.2651,0
53,22133.0,17352.28,32731.84,6.1,2,5,17.0,0.784,1
67,27017.74,6909.96,15586.24,8.0,1,2,10.9,0.2558,0
42,10871.17,6472.14,25213.83,10.7,0,6,7.0,0.5953,0
29,16409.72,6983.74,15849.25,7.4,0,4,12.3,0.4256,0
21,107428.25,52297.13,5077.33,5.4,1,3,6.4,0.4868,0
43,97232.2,30607.18,17020.86,4.9,1,3,14.9,0.3148,0
53,37777.66,29159.01,16400.86,12.1,1,2,2.4,0.7719,0
45,98494.78,45046.18,21311.1,3.8,0,2,5.4,0.4573,0
39,32989.85,24749.98,12059.43,5.1,0,4,3.0,0.7502,0
32,31380.87,190.58,7265.09,2.7,1,2,3.8,0.0061,0
26,37567.94,17211.24,22588.7,7.7,1,6,9.9,0.4581,0
50,33693.06,19331.38,4672.19,4.2,0,9,5.8,0.5737,0
50,31916.62,19024.35,42918.37,7.4,1,1,16.0,0.5961,0
21,72116.55,52211.05,11101.83,7.5,4,8,7.6,0.724,0
59,39738.72,139.93,16259.34,7.8,2,5,12.7,0.0035,0
46,55686.28,14.71,20886.25,5.7,1,4,4.4,0.0003,0
56,67428.85,25475.35,21430.07,12.1,0,4,10.4,0.3778,0
23,45839.96,1074.26,4327.79,6.6,2,3,13.1,0.0234,0
23,20289.06,15817.88,25829.42,5.2,1,1,5.8,0.7796,0
38,16127.49,2865.08,17026.45,2.9,0,0,8.1,0.1777,0
46,39706.43,15014.26,8036.84,13.2,1,2,7.2,0.3781,0
61,32769.26,1602.75,7333.93,5.6,1,1,8.9,0.0489,0
48,38270.51,15983.25,10226.7,11.6,3,8,5.9,0.4176,0
37,35967.38,10932.82,4726.81,6.4,0,5,8.1,0.304,0
27,171124.08,6113.93,52987.64,20.8,3,3,8.1,0.0357,0
54,16348.06,4382.91,43867.15,20.4,1,8,,0.2681,0
28,11004.2,3445.95,19174.95,9.6,2,5,8.2,0.3131,1
59,44330.41,35106.9,11173.29,9.7,2,5,13.1,0.7919,0
36,,4818.59,11410.78,9.1,0,6,11.2,0.1663,0
59,43898.73,19132.11,24500.59,6.5,1,6,10.1,0.4358,0
48,,40717.8,54516.65,12.6,2,4,5.6,0.7899,1
38,78469.31,49719.36,8464.89,7.8,1,4,15.1,0.6336,0
33,14700.91,11682.72,5463.97,3.9,0,5,6.6,0.7947,0
35,26003.05,20142.97,46079.0,6.9,1,2,10.6,0.7746,0
45,46969.64,18394.8,3198.03,4.0,2,5,5.4,0.3916,1
40,,32121.12,5962.08,3.8,1,5,4.2,0.5571,0
32,135410.98,11964.17,10965.55,4.9,1,1,13.6,0.0884,0
38,64435.65,22740.57,3833.96,18.8,0,1,4.5,0.3529,0
40,35098.96,22716.57,32523.53,10.3,1,3,4.9,0.6472,0
18,21284.59,8604.68,26516.55,6.9,2,4,3.6,0.4043,0
45,25885.19,14551.6,8435.17,6.5,0,5,10.2,0.5622,0
28,25447.64,15182.09,37186.14,8.4,0,7,3.6,0.5966,0
26,53806.0,10910.53,42592.52,5.6,0,7,16.2,0.2028,0
19,42370.11,29682.78,12203.32,10.6,2,2,10.4,0.7006,0
18,16412.69,6037.54,9315.78,8.7,1,8,4.2,0.3679,0
23,27958.01,4701.09,81444.87,10.0,1,4,9.9,0.1681,1
31,61483.77,42567.22,23787.83,6.6,3,2,3.8,0.6923,0
63,44846.35,14990.12,16400.38,23.2,3,3,12.7,0.3343,0
33,51081.96,30661.94,39768.75,3.9,2,6,8.5,0.6002,0
42,45695.41,20034.08,17009.79,10.7,1,5,2.7,0.4384,0
44,96361.15,29438.08,8915.12,5.8,2,4,3.1,0.3055,0
41,41840.74,27108.66,14244.52,8.7,0,4,6.0,0.6479,0
39,28807.36,13469.63,30666.42,9.4,1,3,13.6,0.4676,0
25,20963.69,6550.1,2714.2,20.4,0,4,4.5,0.3124,0
57,42182.71,3698.51,10610.25,9.5,2,2,6.5,0.0877,0
61,8396.56,6014.93,40394.38,6.8,1,8,25.2,0.7164,0
19,32514.02,922.61,8870.67,0.6,2,2,6.3,0.0284,0
27,32096.3,22164.1,46022.55,5.4,1,1,2.9,0.6906,0
36,16015.58,4611.99,41431.43,26.5,3,9,15.8,0.288,0
28,20806.91,10642.13,12677.41,11.3,1,4,3.0,0.5115,0
46,59029.61,43549.67,8477.48,12.3,1,4,11.1,0.7378,0
31,41707.12,5061.8,10615.95,,4,6,5.9,0.1214,0
65,38602.53,17508.58,112610.65,5.7,0,1,15.2,0.4536,1
54,43643.45,26689.99,59846.58,10.7,2,4,6.6,0.6115,1
42,38390.93,23267.48,14769.4,3.0,0,5,7.3,0.6061,0
52,76551.39,32190.28,8213.03,8.5,0,2,10.2,0.4205,0
53,39107.03,19545.36,14671.07,16.3,2,3,5.9,0.4998,0
33,15139.65,9174.95,16237.22,4.4,1,1,12.8,0.606,1
30,96575.27,64977.98,4940.95,5.1,0,2,6.2,0.6728,0
40,45351.76,27639.65,14243.17,14.4,2,4,15.7,0.6095,0
50,25500.36,7221.8,38481.14,5.7,1,6,9.8,0.2832,0
41,17119.25,13650.57,3166.92,4.8,4,6,21.6,0.7974,0
21,46053.02,16008.13,25881.07,17.4,2,4,5.9,0.3476,1
30,33850.09,662.51,40128.35,7.8,1,3,12.0,0.0196,0
39,93385.19,27090.44,8531.79,4.4,5,7,6.7,0.2901,0
39,29509.15,3016.61,51810.11,14.9,2,7,11.2,0.1022,0
63,21973.04,2134.77,7690.42,3.9,3,6,4.2,0.0972,0
23,62160.67,14000.33,19012.77,8.2,2,4,6.5,0.2252,0
46,63270.16,2701.66,10452.35,9.2,1,4,12.2,0.0427,0
57,40182.66,22133.0,10450.48,5.4,2,6,4.4,0.5508,0
67,54492.28,3225.46,8153.16,11.9,1,1,11.6,0.0592,0
35,35503.54,5774.0,23361.87,4.7,3,2,6.0,0.1626,0
45,41786.1,3105.53,26345.28,12.4,1,4,8.6,0.0743,0
46,73056.95,3691.87,12688.64,7.2,2,3,29.4,0.0505,0
42,52848.84,11320.29,4500.87,4.2,1,4,8.1,0.2142,1
38,32808.25,15010.4,18444.77,8.3,1,5,6.4,0.4575,0
45,81749.71,63090.21,18724.94,9.8,2,2,5.4,0.7717,0
18,8787.51,6155.17,11233.19,2.1,2,6,11.2,0.7004,0
48,124398.32,87171.77,59503.18,16.4,0,4,6.2,0.7007,0
41,13048.45,1837.92,3823.25,7.6,2,5,12.1,0.1409,0
37,24927.93,5282.87,2266.91,6.2,3,3,7.5,0.2119,0
64,35434.79,2165.58,7445.25,9.4,1,2,11.3,0.0611,1
31,33260.03,20713.5,23584.37,8.1,3,1,7.3,0.6228,0
35,66426.19,3710.1,5740.63,5.9,0,1,6.4,0.0559,0
63,19250.61,8573.38,6095.0,9.5,1,6,5.8,0.4454,0
30,42466.04,8421.04,28590.14,12.4,0,3,4.3,0.1983,0
33,25669.86,4999.37,19342.08,6.4,0,2,7.2,0.1948,0
38,43350.98,34359.12,18063.5,1.2,0,8,13.4,0.7926,0
50,34931.23,21148.2,24962.83,11.5,2,4,12.3,0.6054,0
42,38398.03,25709.46,9507.59,7.6,2,2,7.3,0.6696,0
24,26109.25,11947.23,9865.63,4.3,3,1,,0.4576,0
33,26741.22,18633.59,25535.46,9.9,1,6,,0.6968,0
32,43146.8,22280.68,4555.5,4.3,3,4,13.5,0.5164,0
39,63973.83,48424.28,2406.25,11.3,1,7,4.1,0.7569,0
45,25362.64,5708.39,9446.25,3.8,1,2,8.8,0.2251,1
45,21563.11,10269.55,28133.0,5.7,2,1,3.0,0.4763,0
18,52474.16,28971.25,16390.35,2.5,1,2,11.1,0.5521,0
52,35614.13,11195.3,26524.74,,1,3,12.3,0.3143,0
43,59772.38,42065.79,2662.35,6.2,2,5,7.7,0.7038,0
56,21089.31,16530.7,17195.4,7.6,0,3,7.3,0.7838,0
45,12485.67,4932.03,22541.01,6.6,1,3,18.5,0.395,0
53,26375.68,8242.73,4534.01,3.9,0,2,5.6,0.3125,0
45,22929.7,8657.12,26626.07,7.4,1,9,9.6,0.3776,0
56,34638.7,23630.15,12219.46,5.6,3,7,9.7,0.6822,1
46,24782.5,12797.06,155915.48,8.4,1,9,2.5,0.5164,1
38,56647.9,2029.01,2340.71,4.7,1,3,1.7,0.0358,0
67,30549.69,13250.5,39946.31,5.4,0,6,14.9,0.4337,0
50,39746.8,550.1,9746.6,9.5,3,3,2.0,0.0138,0
46,39917.92,24862.01,3663.88,6.8,0,3,7.8,0.6228,0
24,40821.86,10721.85,8764.25,2.8,0,2,19.2,0.2626,0
24,35793.53,13515.85,16680.3,17.0,4,4,26.1,0.3776,0
43,49333.59,31521.33,30637.29,11.9,2,2,20.9,0.6389,0
41,22530.09,837.2,52974.79,11.6,1,4,4.3,0.0372,0
32,84090.66,10665.49,41669.07,2.5,1,3,16.4,0.1268,0
41,31510.55,10031.96,6171.48,1.8,2,3,3.6,0.3184,0
59,16532.29,3040.95,32995.67,13.2,2,2,1.0,0.1839,0
48,40653.65,10989.54,18270.23,3.9,4,6,1.9,0.2703,1
26,21791.86,17401.67,7913.44,8.6,2,5,11.3,0.7985,0
38,54133.08,35745.78,11276.45,5.5,0,3,15.5,0.6603,0
30,136729.98,96684.7,7571.34,1.9,1,6,9.7,0.7071,0
35,22653.21,16981.84,13762.1,4.9,1,4,26.1,0.7496,0
35,44330.29,12091.03,7452.27,9.5,4,4,11.5,0.2727,0
34,12666.25,3010.28,5869.97,7.0,3,2,16.5,0.2377,0
24,47683.62,8928.76,19600.2,18.9,1,3,18.8,0.1873,0
38,21344.98,14175.06,22092.3,11.1,3,5,11.7,0.6641,0
33,24961.73,13570.23,11497.93,9.8,0,3,6.5,0.5436,0
18,18755.23,3543.57,39899.58,8.6,1,2,4.8,0.1889,0
64,56347.36,16994.09,10847.13,4.2,2,4,5.1,0.3016,0
53,66461.8,26941.58,10485.83,4.3,3,2,11.5,0.4054,0
35,36828.64,15560.54,22660.79,7.7,5,6,5.7,0.4225,0
40,21619.35,15370.97,12016.78,5.0,2,3,4.0,0.711,0
25,94250.73,28694.91,14297.47,17.1,1,4,22.7,0.3045,0
60,23150.09,16825.93,1778.72,11.0,1,1,3.9,0.7268,0
62,9924.69,3504.35,13539.49,,2,5,7.5,0.3531,0
41,47812.07,28548.5,3097.17,1.2,2,4,17.3,0.5971,0
52,18716.02,13928.53,5030.32,9.7,0,4,9.3,0.7442,0
42,65720.44,47717.02,4590.49,2.8,1,4,13.1,0.7261,1
23,28891.92,1316.38,5801.86,15.5,4,4,5.3,0.0456,0
35,52168.18,8584.97,8612.04,10.6,1,2,3.3,0.1646,0
41,84195.79,32122.74,9052.59,11.4,3,4,6.4,0.3815,0
34,17582.95,6070.4,22729.53,11.7,2,4,9.5,0.3452,0
37,25859.61,13258.57,15961.11,5.3,1,7,17.4,0.5127,0
38,34703.55,26227.81,2919.42,20.0,2,3,4.1,0.7558,0
39,91357.06,8215.17,14280.29,10.9,1,3,15.0,0.0899,0
40,24464.3,8843.52,17233.39,8.7,0,7,15.0,0.3615,0
27,25420.16,3912.9,10271.69,5.7,2,6,6.6,0.1539,0
31,48382.06,34607.01,12724.58,7.3,2,3,8.0,0.7153,0
24,25685.01,19820.2,15556.72,15.1,3,2,3.5,0.7717,0
51,39795.76,15240.24,24628.99,6.5,0,4,10.2,0.383,0
18,14315.21,1191.14,3789.9,5.2,2,2,6.1,0.0832,0
53,137118.11,86142.5,10987.86,10.2,1,4,8.9,0.6282,1
56,16177.46,9022.38,44652.65,7.6,0,4,10.9,0.5577,1
36,29939.93,8495.06,41495.03,5.3,0,8,5.4,0.2837,1
18,35614.62,25283.74,26390.24,,2,8,6.0,0.7099,1
35,114417.91,89322.12,20526.25,4.0,1,5,9.4,0.7807,0
39,16400.92,7319.45,50196.86,6.6,1,4,4.2,0.4463,1
27,119398.57,54037.68,61962.11,4.5,3,5,12.3,0.4526,0
33,57199.82,13614.18,12048.99,19.8,2,0,7.3,0.238,0
58,46642.02,21810.03,6151.52,10.8,2,4,14.6,0.4676,0
47,20114.97,7074.71,10761.89,9.4,2,8,5.6,0.3517,0
28,51158.54,12367.72,159110.85,4.6,0,2,7.2,0.2418,1
20,23527.1,1264.54,3806.69,19.8,1,6,1.8,0.0537,0
36,77652.32,15698.68,9168.86,2.9,3,4,2.7,0.2022,0
37,20279.44,3209.91,4314.98,6.6,2,3,12.7,0.1583,0
45,33931.7,14713.92,14761.99,7.1,2,10,7.5,0.4336,0
33,26025.61,12527.06,5104.34,2.9,0,1,7.9,0.4813,0
46,20080.13,9776.16,12246.55,8.1,3,3,2.8,0.4869,0
63,56658.19,17594.91,2807.15,5.1,2,6,7.5,0.3105,1
49,50074.9,16874.43,21896.82,16.4,3,4,13.4,0.337,0
39,75012.21,50062.45,35520.89,3.4,0,4,10.4,0.6674,1
37,12482.4,4755.62,9826.57,11.4,4,3,6.8,0.381,0
35,68768.59,54342.22,11990.81,8.2,0,4,2.4,0.7902,0
54,163287.76,57427.29,11722.6,13.0,1,7,9.0,0.3517,0
32,27695.23,14392.23,15440.18,7.0,0,5,7.2,0.5197,0
40,113220.12,4561.68,12957.94,4.3,4,5,13.1,0.0403,0
40,31011.19,16208.68,24698.4,17.8,1,8,15.2,0.5227,0
33,15939.48,10857.04,35826.08,17.7,0,3,4.2,0.6811,0
23,30230.92,22793.09,6965.63,11.6,1,2,11.0,0.754,0
43,68112.93,54344.34,10431.0,10.4,1,5,4.1,0.7979,0
39,21962.55,4957.89,27482.25,9.2,5,2,7.8,0.2257,0
46,25331.32,11659.91,4284.1,10.7,2,7,7.5,0.4603,0
33,51850.7,18696.03,2761.21,24.3,2,3,12.6,0.3606,0
54,36382.24,16410.35,16011.34,3.3,3,5,5.7,0.4511,0
29,51574.04,6496.39,19872.2,7.7,1,3,9.0,0.126,0
60,41885.61,28688.28,7496.26,5.6,3,3,7.7,0.6849,0
19,48425.18,35236.83,8409.18,8.1,1,7,8.8,0.7277,0
45,28018.47,10079.07,7272.43,3.2,1,6,11.1,0.3597,0
45,41732.63,9362.46,6677.24,4.1,1,6,13.1,0.2243,0
30,20818.06,2345.5,23267.12,3.9,1,6,14.0,0.1127,0
45,78673.38,43035.27,5195.78,10.6,2,2,2.0,0.547,0
55,24820.75,6199.86,10803.03,7.6,3,3,14.6,0.2498,0
18,71489.69,52018.1,6475.18,2.5,1,2,14.4,0.7276,0
46,31566.0,16944.94,4170.41,2.5,3,0,8.2,0.5368,0
18,40994.75,21175.77,26799.61,1.9,1,4,9.9,0.5165,1
28,26984.59,12076.19,8814.38,6.8,2,6,7.3,0.4475,0
59,19740.01,722.9,15533.47,7.1,0,3,3.5,0.0366,0
33,,9504.25,3997.96,7.4,0,6,4.0,0.7455,0
25,19279.65,9685.13,7379.41,4.8,1,1,11.0,0.5023,0
37,29901.22,23778.93,24461.86,6.2,2,2,7.4,0.7952,0
64,41238.5,17727.82,105854.12,6.9,2,6,5.4,0.4299,1
18,66584.53,37825.92,2749.1,7.6,2,2,8.9,0.5681,0
27,27793.17,1249.79,11374.32,9.2,0,4,9.7,0.045,0
57,21393.1,10811.84,18579.69,13.6,0,4,5.1,0.5054,0
62,15281.09,9347.74,8160.98,4.5,0,6,6.3,0.6117,0
38,48437.92,30167.69,26360.38,11.8,1,4,19.8,0.6228,0
25,83276.09,51305.51,6678.27,5.1,4,5,6.9,0.6161,0
65,77636.9,14054.31,15109.49,10.6,2,4,8.7,0.181,0
59,55601.18,43386.65,8798.55,7.9,1,4,4.4,0.7803,0
48,53269.86,42410.57,35438.17,24.2,1,5,16.0,0.7961,0
30,100566.48,6081.93,7776.86,9.0,2,6,4.3,0.0605,0
39,44322.55,33204.55,10081.94,12.3,1,3,3.1,0.7492,0
38,53512.89,12391.41,28468.44,0.9,0,4,15.2,0.2316,0
43,29957.34,16519.29,5869.76,12.8,1,4,6.6,0.5514,0
57,16038.93,4338.35,14115.09,4.7,1,5,3.7,0.2705,0
50,24093.34,18653.15,3108.74,7.2,0,5,18.0,0.7742,0
27,36116.48,2932.77,5595.14,6.1,2,1,7.5,0.0812,0
56,37664.42,14997.88,18136.92,3.6,2,2,3.0,0.3982,1
43,115355.22,39502.04,6047.75,18.4,0,2,4.5,0.3424,0
48,38130.37,9945.12,8641.59,14.3,1,7,4.3,0.2608,0
57,73666.69,38043.48,19820.44,4.1,0,0,4.5,0.5164,1
26,27971.84,2932.7,8405.58,3.9,3,4,4.9,0.1048,0
39,30121.5,17269.56,25803.71,10.4,2,4,26.0,0.5733,0
33,16360.01,12834.0,15875.47,12.7,3,6,21.1,0.7845,0
21,23262.62,14972.91,18930.82,7.7,0,9,,0.6436,0
44,49820.85,34277.41,36053.98,4.9,3,3,5.7,0.688,1
70,36480.61,10495.81,17255.02,6.8,1,3,3.1,0.2877,0
18,63944.01,16619.64,45755.98,2.2,1,2,4.9,0.2599,1
39,40487.65,16747.26,27695.07,2.8,1,3,17.1,0.4136,0
47,29393.47,1075.25,8788.84,13.3,1,0,6.7,0.0366,0
41,131791.73,99672.31,37590.94,5.4,0,6,13.4,0.7563,0
38,34325.98,3948.45,16499.62,7.3,0,3,8.9,0.115,0
24,72969.77,52714.12,9742.53,,1,5,13.2,0.7224,0
42,28546.07,1908.76,16692.4,7.2,2,3,10.6,0.0669,0
30,55590.06,36583.82,32528.16,9.2,1,4,7.5,0.6581,0
18,63374.03,7704.38,19226.33,13.1,0,3,13.0,0.1216,0
54,41154.77,1255.44,57406.58,4.7,1,4,14.0,0.0305,1
51,8842.37,5089.59,31863.76,13.5,1,4,3.5,0.5756,0
40,36715.4,8232.04,20303.08,9.0,1,5,8.4,0.2242,0
42,75983.84,43432.13,5879.02,,0,6,11.6,0.5716,0
52,49835.78,22130.49,11570.5,12.9,1,5,1.2,0.4441,0
42,47453.39,4130.62,14148.04,8.3,2,1,2.9,0.087,0
50,12921.47,9635.59,23325.56,27.5,2,4,,0.7457,0
36,23569.93,8528.81,22244.86,3.5,1,6,10.5,0.3619,1
55,46481.73,27310.7,15300.37,13.1,3,4,12.7,0.5876,0
43,46454.56,18619.75,14709.96,5.3,1,4,5.2,0.4008,0
42,75267.23,36390.89,23774.42,9.4,1,7,3.8,0.4835,0
24,33292.25,8064.01,6721.93,7.1,0,3,6.0,0.2422,0
43,46327.66,7425.78,51865.68,6.9,3,2,14.5,0.1603,0
30,36674.04,15918.59,2597.4,6.5,4,3,9.3,0.4341,0
32,20087.13,7074.19,42801.46,,2,3,6.8,0.3522,0
30,9381.78,2927.97,12885.42,4.1,0,5,,0.3121,0
27,47033.05,25306.31,29794.05,5.1,0,8,24.3,0.5381,0
65,40310.54,22267.76,17873.46,3.9,1,3,10.1,0.5524,0
55,25061.67,920.67,17620.66,17.7,0,3,25.8,0.0367,0
63,13745.9,3725.08,20814.47,12.2,1,3,17.4,0.271,0
25,52989.22,17455.27,25520.66,5.3,0,5,7.0,0.3294,0
40,30959.9,2399.82,10269.52,10.3,0,4,9.2,0.0775,0
24,50722.5,9572.39,30571.98,4.0,1,4,5.2,0.1887,0
31,111127.02,4591.04,5610.66,7.9,3,5,6.8,0.0413,0
28,10048.13,8008.3,13302.88,6.6,2,6,5.6,0.797,0
54,23866.7,14063.35,26076.14,6.5,1,4,6.0,0.5892,0
35,32028.28,2240.7,29614.34,5.9,1,2,8.9,0.07,0
52,86933.24,1408.28,19314.88,26.9,2,1,10.2,0.0162,0
47,13604.53,7828.46,9752.57,11.5,1,4,9.0,0.5754,0
67,116019.85,40764.01,27374.47,22.4,2,1,15.0,0.3514,0
22,39399.7,24799.64,7820.53,5.7,3,4,1.9,0.6294,0
55,34282.82,25327.49,54237.47,4.0,2,3,13.5,0.7388,0
53,32246.48,15460.26,12484.75,9.0,1,7,6.7,0.4794,0
28,27951.95,4184.04,3898.31,7.9,1,5,5.8,0.1497,0
52,68109.37,42619.79,5137.15,11.4,4,3,7.6,0.6258,0
44,19127.6,14625.91,13834.42,13.4,3,2,8.2,0.7646,1
37,44678.54,20739.11,14940.94,2.0,2,4,14.3,0.4642,0
30,28839.2,15734.61,64584.22,23.2,1,1,5.8,0.5456,0
31,22987.82,6206.25,5820.84,9.3,1,7,14.9,0.27,0
64,171370.83,52306.17,13788.22,11.0,1,2,12.8,0.3052,0
40,46696.78,27444.8,5724.23,17.8,1,3,5.1,0.5877,0
49,52468.03,38942.66,9008.07,4.6,0,8,6.1,0.7422,0
30,71873.73,36166.19,51388.91,7.3,3,5,7.6,0.5032,1
30,15478.23,9780.36,5382.62,3.7,1,2,9.1,0.6319,0
52,103919.84,14269.03,21367.66,4.2,0,4,4.1,0.1373,0
23,8059.65,1366.65,18293.95,13.5,0,5,8.0,0.1696,0
35,22896.52,9745.39,13103.87,16.7,0,5,9.6,0.4256,0
40,27572.69,3894.46,20242.7,2.7,1,4,0.7,0.1412,0
41,51484.39,26153.87,5281.6,9.6,2,4,14.8,0.508,0
37,41408.07,9661.44,50264.68,14.7,5,6,2.7,0.2333,1
44,32856.71,20805.73,62309.95,13.0,1,5,11.7,0.6332,1
48,36055.03,23309.15,13872.78,8.5,1,4,3.8,0.6465,0
48,20194.92,7492.92,92826.26,9.6,2,3,7.3,0.371,1
28,14789.32,2139.25,9708.7,9.7,0,4,8.4,0.1446,0
36,56157.02,29056.76,18404.41,9.3,1,6,14.3,0.5174,0
54,55062.47,43732.24,42003.63,10.5,0,7,17.1,0.7942,1
50,93966.78,46802.29,9253.86,6.9,2,4,4.2,0.4981,0
23,22606.43,646.99,4423.83,22.0,2,5,7.7,0.0286,0
44,55033.05,761.39,3679.85,4.6,1,4,5.4,0.0138,0
18,30631.25,7850.47,69470.76,15.2,2,7,7.4,0.2563,0
40,74182.61,11619.0,8749.75,5.1,2,3,7.8,0.1566,0
62,67048.91,43611.36,11515.06,10.8,0,6,11.8,0.6504,0
28,41221.93,27859.62,5485.09,5.2,1,5,7.5,0.6758,0
29,29622.28,6128.7,28528.86,10.4,3,4,11.0,0.2069,1
49,64638.1,16839.25,7149.17,7.7,1,3,3.2,0.2605,0
21,53537.77,10118.51,9018.11,11.7,1,5,14.1,0.189,0
32,24084.79,17502.56,16977.03,4.8,2,4,8.2,0.7267,1
47,16371.88,6583.45,5703.09,4.8,2,2,5.7,0.4021,0
32,30542.68,16032.15,11581.15,16.7,0,8,7.3,0.5249,0
37,90151.63,29965.11,41018.06,19.4,1,4,3.3,0.3324,0
48,72250.34,36472.79,18818.65,7.1,3,6,8.0,0.5048,0
45,18631.4,5751.22,14830.39,9.9,2,4,13.5,0.3087,1
43,18021.95,4897.33,15865.33,2.6,0,3,22.1,0.2717,0
35,78027.01,39605.27,9785.84,8.2,3,2,7.5,0.5076,0
44,18372.65,8687.5,65967.79,6.1,1,2,8.4,0.4728,1
38,49294.96,11575.56,6976.3,21.3,1,3,8.7,0.2348,0
45,25093.33,2998.12,15815.42,5.9,2,7,11.8,0.1195,1
34,95820.02,28253.62,14647.43,21.5,1,5,4.1,0.2949,0
37,22873.75,7597.7,29941.78,5.7,2,3,3.3,0.3322,0
28,72114.97,36270.04,32290.85,11.2,0,2,15.1,0.5029,0
39,40575.32,29685.84,13021.86,19.5,1,5,12.3,0.7316,0
30,42248.2,1222.99,16857.2,7.3,4,8,6.3,0.0289,0
26,11134.62,2170.46,17375.7,18.9,1,4,12.8,0.1949,0
43,9684.21,1500.79,2169.58,13.0,0,5,,0.155,0
42,31813.96,12783.98,3747.37,8.2,2,5,6.9,0.4018,0
49,42114.34,14477.25,8233.36,10.3,1,4,7.1,0.3438,0
34,18488.08,10782.8,8524.68,16.8,1,4,4.6,0.5832,0
44,18897.48,3664.84,5118.28,9.9,2,4,11.8,0.1939,1
46,50862.62,24190.2,24334.88,3.2,0,5,7.0,0.4756,0
45,50904.81,35994.07,13382.39,13.0,0,8,5.6,0.7071,1
30,,24358.73,11251.36,13.3,4,2,11.9,0.7285,0
41,57995.52,44484.17,4890.63,9.7,0,10,11.7,0.767,0
44,17952.39,11105.51,12892.02,5.8,2,4,12.8,0.6186,0
40,29332.14,21259.65,1633.78,12.6,4,1,16.3,0.7248,0
18,97609.15,18313.89,11726.83,3.7,0,4,10.1,0.1876,0
41,37835.13,5980.4,14052.38,10.2,0,5,4.6,0.1581,0
66,39174.74,203.34,16212.41,9.9,0,8,12.5,0.0052,0
35,144866.51,81918.46,3822.72,8.4,0,2,8.6,0.5655,0
31,15683.97,11762.57,15992.15,15.0,1,2,1.4,0.75,0
44,58562.99,8757.99,5807.21,6.4,3,1,31.6,0.1495,0
43,98557.14,50220.27,6974.56,,1,8,8.8,0.5096,0
54,29884.2,17845.88,23726.44,5.0,1,3,4.2,0.5972,0
24,60826.36,45138.72,66922.53,15.3,0,3,12.6,0.7421,1
48,20146.55,10425.6,13920.07,11.4,1,3,6.3,0.5175,0
47,24051.69,18669.76,6948.8,10.8,4,4,8.3,0.7762,0
38,45751.5,12615.45,15536.33,10.3,1,4,11.0,0.2757,0
44,58638.1,16415.32,28317.16,7.3,4,3,8.5,0.2799,1
52,71151.16,30908.78,21956.05,4.2,0,2,1.4,0.4344,0
50,93132.38,28573.15,119909.23,4.4,2,2,10.1,0.3068,1
26,34875.23,39.78,7538.13,10.5,2,5,12.8,0.0011,0
49,74322.35,43509.61,16346.76,6.3,1,3,4.0,0.5854,0
39,29573.0,17784.42,46126.11,5.2,3,9,8.2,0.6014,0
40,62395.9,37286.52,43867.43,7.5,0,6,11.5,0.5976,0
40,41130.01,11352.56,2807.19,,2,5,16.9,0.276,0
38,47448.81,19825.61,13323.89,8.8,0,3,10.1,0.4178,0
54,46821.83,13483.7,43809.97,21.0,1,7,10.5,0.288,0
38,13865.75,177.89,134930.4,10.9,2,3,9.1,0.0128,1
26,18500.02,8324.25,23459.64,36.4,1,5,7.8,0.45,0
35,38619.97,3823.71,9953.8,9.7,1,1,5.9,0.099,0
42,13195.52,844.95,5958.88,9.2,3,3,4.3,0.064,0
54,59797.95,36141.84,78825.73,8.9,2,2,5.5,0.6044,1
47,61263.14,465.9,23932.51,6.2,1,2,9.2,0.0076,0
29,44192.14,33904.51,6778.74,7.2,3,6,10.0,0.7672,0
69,18533.21,7639.47,11355.7,23.2,2,2,14.9,0.4122,0
43,83123.55,65369.45,17122.51,6.3,1,4,17.2,0.7864,0
55,123293.92,5720.6,20641.22,8.9,0,4,6.5,0.0464,0
38,39665.86,18516.96,6504.86,8.9,2,5,8.3,0.4668,0
46,49331.65,13786.3,8173.46,6.7,3,4,9.9,0.2795,0
50,40988.35,27658.36,3560.49,6.6,6,5,,0.6748,0
54,49922.22,14426.43,30693.61,7.7,3,4,14.9,0.289,1
52,33801.64,7043.93,10164.99,13.0,2,2,9.2,0.2084,0
50,35570.13,24402.62,19400.56,17.3,2,3,8.6,0.686,0
36,62531.8,18742.19,41681.26,3.6,1,6,9.9,0.2997,1
33,148356.66,1997.87,15928.99,20.9,0,2,10.4,0.0135,0
43,15677.11,4894.88,12205.28,,3,4,3.9,0.3122,0
51,34122.51,17867.15,15601.73,12.3,2,4,,0.5236,0
37,17885.11,3639.4,14052.49,,2,5,4.8,0.2035,0
52,94392.31,32621.05,36204.26,27.9,1,8,7.0,0.3456,0
57,25523.56,1158.06,17131.44,5.0,1,5,11.6,0.0454,0
29,15276.63,7187.26,8642.78,9.3,2,3,11.2,0.4705,0
29,53258.47,32223.29,30892.83,10.0,1,2,8.0,0.605,0
38,103423.42,34196.96,35752.93,20.1,1,4,9.4,0.3307,0
43,54076.7,18179.84,4579.46,5.2,2,5,9.3,0.3362,0
33,41063.66,2900.16,45534.57,9.5,0,10,6.7,0.0706,0
56,46419.95,7499.27,17885.93,2.8,2,4,8.6,0.1616,0
45,84872.41,10502.13,16757.75,8.5,2,5,2.5,0.1237,0
40,21492.95,8282.31,29890.61,10.5,1,3,2.6,0.3854,0
22,33958.41,14378.14,8488.09,6.0,0,8,20.1,0.4234,0
24,27677.8,21011.66,28662.12,3.2,2,6,15.1,0.7592,0
43,18020.78,1055.75,9883.08,21.2,1,2,18.8,0.0586,0
18,29821.2,14311.03,4105.32,4.2,1,4,11.7,0.4799,0
52,70589.22,29732.1,6013.7,4.5,1,3,9.7,0.4212,0
38,51019.4,21070.32,21028.15,5.4,1,4,11.8,0.413,0
78,53454.51,37339.44,6270.59,16.3,2,2,7.7,0.6985,0
67,39651.55,6519.94,48439.02,7.9,1,3,2.2,0.1644,1
37,49711.63,1621.52,34593.7,2.8,1,5,6.0,0.0326,0
38,22463.47,12081.24,38822.35,5.4,0,2,22.3,0.5378,0
51,30160.67,8328.14,14762.17,16.3,1,2,6.4,0.2761,0
60,40749.65,573.43,16420.56,3.4,1,2,10.6,0.0141,0
20,42894.96,8626.14,5141.14,4.1,2,5,4.7,0.2011,0
18,44007.38,10890.13,29632.49,4.3,1,2,6.1,0.2475,0
32,33422.98,16493.26,18103.61,8.0,1,7,7.2,0.4935,0
46,28956.38,3997.97,21032.93,9.0,1,1,7.8,0.1381,0
45,241509.18,79805.13,51567.63,7.3,1,5,8.7,0.3304,1
52,62571.95,24151.54,8227.44,7.8,0,5,9.2,0.386,0
25,46531.67,17095.27,12077.35,3.9,4,3,6.8,0.3674,0
18,31573.55,24600.61,17349.81,7.2,1,3,6.1,0.7792,0
50,27702.24,1008.46,6321.12,7.1,4,3,9.6,0.0364,0
30,,25542.56,11497.91,4.4,1,5,10.8,0.7608,0
18,43290.88,20154.06,19818.28,17.4,2,3,18.8,0.4655,0
41,,7480.81,10297.57,15.5,3,2,1.4,0.6366,0
49,14162.69,4876.41,38070.37,3.5,3,4,4.0,0.3443,0
38,24781.94,8997.59,3988.86,10.8,3,5,18.1,0.3631,0
34,41121.39,28927.3,32801.09,10.3,0,4,6.9,0.7035,0
38,31458.87,22548.07,22673.42,9.5,2,4,7.6,0.7167,1
35,88156.84,16833.65,8475.52,7.2,0,4,5.0,0.191,0
23,14921.55,2378.4,6377.13,9.4,0,4,4.7,0.1594,0
31,23137.1,9185.15,2529.49,7.4,1,1,2.9,0.397,0
46,90405.02,65111.65,7071.73,5.4,2,2,9.5,0.7202,0
43,39287.89,10131.72,30876.21,10.7,1,4,12.1,0.2579,0
42,61753.48,32211.34,12773.54,2.0,4,2,12.3,0.5216,0
28,124336.66,70439.37,33873.38,12.5,1,3,6.9,0.5665,0
37,23949.85,14919.31,8136.4,8.3,2,2,8.3,0.6229,0
18,34214.73,15435.62,23521.85,6.3,0,4,12.2,0.4511,0
42,30839.26,9929.14,7525.11,12.3,0,3,13.1,0.322,0
57,11240.11,8695.49,6170.53,9.5,1,7,10.9,0.7736,0
22,30144.63,14742.67,12262.46,17.5,2,6,11.3,0.4891,0
32,61613.56,35911.6,7848.1,14.6,0,7,20.8,0.5829,0
43,50229.3,13862.6,3888.36,4.4,0,5,5.9,0.276,0
55,52651.49,28219.06,11546.62,6.0,3,6,3.8,0.536,0
34,28989.66,5978.77,14547.12,5.5,1,8,12.2,0.2062,0
31,24497.88,4803.48,36852.8,5.5,3,5,9.9,0.1961,1
18,77773.3,44469.04,28266.84,19.3,2,4,8.7,0.5718,0
41,26946.53,11239.82,35452.7,3.4,1,3,13.0,0.4171,0
64,43323.45,23681.52,23772.53,15.0,3,2,14.1,0.5466,0
43,40054.68,8633.82,17432.48,19.6,3,3,,0.2156,0
39,87293.41,41811.68,4998.25,13.4,1,4,4.5,0.479,0
43,65045.83,23100.83,15061.51,11.3,1,3,9.4,0.3551,0
39,16694.67,7972.84,21535.0,3.4,0,3,11.2,0.4776,0
30,17809.16,4144.26,42870.98,2.9,2,2,8.0,0.2327,1
49,51397.56,29417.95,23133.36,10.2,2,2,18.2,0.5724,0
42,34940.34,22527.56,36037.19,7.0,0,4,,0.6447,0
40,27636.62,5746.57,5851.2,3.6,0,3,15.3,0.2079,0
28,66794.55,16063.85,10289.36,12.5,3,5,10.9,0.2405,0
55,40638.68,21494.75,18835.16,11.0,2,9,7.3,0.5289,0
47,37476.69,20854.58,33818.46,12.6,2,6,5.8,0.5565,0
33,,32660.39,11894.33,12.7,4,7,17.9,0.5633,0
52,28996.62,15836.76,12506.99,15.2,1,1,2.5,0.5462,0
34,93070.39,29247.01,23149.12,6.4,3,3,8.1,0.3142,0
30,22633.16,7149.43,5427.88,3.9,1,3,6.0,0.3159,0
30,53860.76,10979.74,48335.6,18.8,1,2,7.1,0.2039,0
18,85845.09,10770.72,6612.33,2.9,0,3,7.8,0.1255,1
45,15892.82,8805.61,2878.8,3.2,1,4,3.5,0.5541,0
18,29554.72,2203.33,13467.76,5.5,1,1,5.1,0.0746,0
25,72065.05,54065.64,51987.94,17.4,1,3,9.9,0.7502,1
18,72718.18,48092.1,21357.59,5.9,2,3,8.0,0.6613,0
38,32764.56,22476.64,24364.26,3.2,0,2,,0.686,0
38,,16950.89,13809.45,4.5,0,8,5.2,0.7253,1
36,64444.62,21065.91,11826.5,4.4,2,10,5.7,0.3269,0
27,73874.98,50040.0,3881.87,9.1,0,8,4.6,0.6774,0
25,18055.43,2283.09,2191.83,5.1,1,1,12.7,0.1264,0
45,17635.19,305.33,15631.1,0.8,2,4,6.3,0.0173,0
33,,26102.87,38178.94,33.0,2,4,3.0,0.6279,0
43,52977.17,3170.01,17593.89,1.8,0,6,13.0,0.0598,0
29,30350.2,24001.54,22001.8,2.7,2,4,8.2,0.7908,0
42,54588.38,29468.84,47428.28,12.3,1,3,6.5,0.5398,0
55,23716.3,14295.23,17378.92,3.7,2,3,6.9,0.6028,0
47,10210.62,2007.85,12111.08,11.7,4,4,21.8,0.1966,0
35,28160.04,15180.86,6940.85,10.4,1,5,11.4,0.5391,0
43,37719.76,1304.2,67357.53,5.8,1,3,16.8,0.0346,0
37,30776.17,20628.05,20358.18,11.6,2,5,4.3,0.6703,0
40,18121.2,2459.03,6279.96,7.2,2,1,8.5,0.1357,0
36,12217.33,6815.88,5234.71,12.5,2,6,8.2,0.5579,0
38,26676.72,4790.72,36404.62,17.4,1,2,1.4,0.1796,0
42,62230.06,3407.88,5825.77,3.5,2,4,6.4,0.0548,0
28,77166.33,29724.08,58868.85,8.8,0,3,2.6,0.3852,0
27,74059.79,10029.84,1472.67,9.2,0,6,6.6,0.1354,0
23,22257.94,12988.74,41692.48,9.0,0,5,11.7,0.5836,0
20,18174.53,3454.12,19722.51,11.8,1,2,18.2,0.1901,0
25,48921.92,13403.53,14689.31,10.5,1,4,4.9,0.274,0
41,53159.92,24132.02,11610.13,3.3,1,6,18.5,0.454,0
29,46170.75,10525.76,60632.35,3.7,3,3,10.6,0.228,1
46,10846.11,3279.76,23520.96,6.7,1,3,13.8,0.3024,0
40,21587.49,14085.78,6486.23,8.9,1,7,7.0,0.6525,0
18,35674.33,5114.55,3377.44,9.3,1,6,3.1,0.1434,0
47,48646.29,3199.04,15395.61,9.8,1,6,6.1,0.0658,0
49,57548.56,15117.21,13348.28,10.8,1,2,9.8,0.2627,0
28,39598.72,13443.82,3960.42,10.6,0,5,20.2,0.3395,0
45,44288.06,19226.66,12780.62,7.7,3,9,17.5,0.4341,0
29,38212.55,11385.01,8440.97,17.5,1,4,22.5,0.2979,0
41,54795.95,34627.17,13459.39,3.0,2,3,18.8,0.6319,0
24,43814.47,1378.21,23878.62,1.8,1,5,9.7,0.0315,0
18,37776.5,13048.53,44094.4,8.7,1,4,9.4,0.3454,1
35,30914.44,9453.78,27642.54,10.0,2,3,5.6,0.3058,0
38,38130.69,19754.09,7501.42,8.7,4,5,5.1,0.5181,0
35,48569.68,37545.38,17946.17,5.8,2,4,15.8,0.773,0
25,42637.32,17408.83,14051.52,10.3,4,0,20.3,0.4083,0
35,45637.99,36031.26,4602.23,4.3,1,5,4.6,0.7895,0
43,81278.2,19653.03,18372.06,2.8,1,3,3.9,0.2418,0
39,42578.23,1051.45,59002.66,14.6,0,6,8.6,0.0247,0
42,24602.44,3260.57,13710.83,5.4,2,6,3.6,0.1325,0
31,61707.7,19505.8,3731.83,8.5,0,2,9.8,0.3161,0
54,15998.99,4048.82,13687.18,5.0,1,7,7.0,0.2531,0
25,18980.21,1473.69,5059.54,5.5,1,5,12.8,0.0776,0
45,44422.81,15375.98,26659.06,12.9,1,3,12.8,0.3461,0
54,49505.45,13390.86,20330.79,8.0,3,0,5.5,0.2705,0
45,17205.24,1687.75,11652.45,8.1,1,6,12.2,0.0981,0
37,28862.82,6837.42,10250.36,2.8,1,2,10.9,0.2369,0
33,25244.15,17901.86,11273.53,7.7,4,4,7.2,0.7091,0
52,27119.12,6553.04,13448.46,4.9,1,6,6.1,0.2416,0
22,63969.31,36536.99,7202.71,25.2,4,0,15.2,0.5712,0
28,55486.96,27168.51,4401.93,4.5,1,1,6.7,0.4896,0
35,35901.22,12269.06,33221.72,17.2,1,4,4.7,0.3417,0
54,26171.41,5004.51,9815.12,8.8,1,4,8.2,0.1912,0
44,16158.64,4770.22,15269.83,3.5,0,1,14.7,0.2952,0
28,85145.0,40331.97,16784.74,12.9,0,2,27.2,0.4737,0
36,51806.37,14537.0,17285.38,16.6,1,5,3.0,0.2806,0
32,23765.7,4085.73,5223.62,20.9,1,2,19.2,0.1719,0
31,55924.6,5210.51,3495.84,9.4,1,2,10.6,0.0932,0
51,34817.17,24504.8,8341.9,4.9,0,6,4.1,0.7038,0
23,30568.77,10767.86,18335.04,4.8,4,5,7.5,0.3523,0
59,47151.77,23583.74,7462.46,9.7,0,7,7.2,0.5002,0
49,23274.21,9131.13,10057.39,2.7,3,6,5.3,0.3923,0
53,29547.25,20625.55,73264.97,3.7,1,2,23.8,0.6981,1
34,39060.88,17091.01,3052.33,8.1,1,5,7.3,0.4375,0
38,26912.05,10351.05,7302.51,12.6,3,0,3.7,0.3846,0
22,54255.04,40131.41,60917.96,6.6,0,4,14.3,0.7397,1
33,111462.1,64174.49,12891.47,20.7,3,3,7.3,0.5758,0
45,23096.15,2061.1,7594.75,10.3,3,3,6.2,0.0892,0
55,13372.09,1901.02,34030.59,6.3,1,6,8.0,0.1422,0
26,10926.6,6880.46,13963.25,4.9,1,5,11.3,0.6297,0
35,33180.55,22187.21,10110.74,3.8,0,3,8.8,0.6687,0
38,24394.21,10639.6,15582.37,11.7,0,6,8.7,0.4362,0
23,41139.18,18247.87,7891.27,4.6,5,7,16.3,0.4436,0
47,39322.75,19879.47,5919.5,9.7,2,2,14.6,0.5055,0
31,13878.14,4875.29,12199.16,,0,3,3.7,0.3513,0
37,12222.94,6651.23,5950.33,3.7,0,2,13.2,0.5442,0
34,43371.59,3764.0,13474.5,7.6,1,2,10.0,0.0868,0
30,39389.61,30291.53,17739.08,3.7,1,4,2.7,0.769,0
39,28127.67,16880.09,26435.11,14.9,0,3,2.6,0.6001,1
37,13436.28,6784.51,32936.61,2.3,7,4,3.1,0.5049,1
35,48186.53,12193.97,9656.73,3.3,0,2,13.5,0.2531,0
31,77896.77,10030.33,19921.04,15.6,1,5,5.4,0.1288,0
43,42906.97,14050.93,19811.52,14.2,2,5,2.2,0.3275,0
59,21840.38,11559.27,17365.75,15.7,1,3,4.3,0.5293,0
41,37299.35,18909.57,9103.67,4.0,2,6,15.3,0.507,0
51,15999.8,4897.75,5869.62,7.5,3,3,11.1,0.3061,0
23,68512.84,33614.39,19962.31,8.8,1,8,1.0,0.4906,0
41,38143.35,24831.27,3410.14,6.6,2,2,10.8,0.651,0
26,12570.47,264.33,10783.03,11.0,3,2,5.2,0.021,0
22,30320.99,10930.62,1732.11,13.7,0,5,3.8,0.3605,0
31,47953.2,29100.12,4586.53,7.3,4,1,6.1,0.6068,0
54,29737.72,12992.87,6622.93,3.5,2,3,2.5,0.4369,0
51,30775.14,16039.41,32124.66,10.8,2,8,3.9,0.5212,0
42,17419.73,7200.29,23167.05,8.4,1,3,1.9,0.4133,0
21,51017.53,40482.39,8577.11,12.8,1,6,26.0,0.7935,0
37,24610.25,1075.4,23944.55,11.0,1,9,7.0,0.0437,1
43,9958.01,3911.86,27176.24,16.1,0,6,16.9,0.3928,0
42,29063.71,2125.52,11748.35,8.3,3,2,12.2,0.0731,0
18,65426.97,8363.43,4413.83,18.5,2,5,12.9,0.1278,0
29,28791.7,8822.66,11312.57,17.9,1,7,5.1,0.3064,0
39,103031.6,12820.44,12353.39,11.9,3,3,4.2,0.1244,0
46,46975.47,36215.73,4984.24,13.9,3,4,5.9,0.7709,0
18,44500.46,33706.06,17919.37,16.2,2,0,4.8,0.7574,0
38,33622.85,9040.77,16711.45,6.9,1,3,,0.2689,0
41,34857.66,17840.09,19073.1,16.4,2,6,10.5,0.5118,0
50,31006.3,13239.77,16699.57,9.8,3,4,2.3,0.427,0
48,30291.98,19764.6,23953.61,12.2,3,2,8.2,0.6525,0
46,49937.14,25066.27,11574.24,13.4,1,6,7.7,0.502,0
30,20712.68,4.18,15700.19,11.9,1,3,8.0,0.0002,0
18,19043.17,11626.61,9718.71,8.6,2,3,21.3,0.6105,0
35,18510.31,11059.51,8369.93,14.7,3,3,9.6,0.5975,0
52,123920.16,50531.94,38972.04,28.6,2,1,5.4,0.4078,0
56,49921.43,36060.01,2604.47,29.7,2,5,10.0,0.7223,0
48,43594.89,31682.89,26941.09,10.3,2,4,5.0,0.7268,0
45,19254.33,8070.05,8132.04,15.5,2,4,18.7,0.4191,0
44,52786.22,25674.72,7331.75,28.8,0,6,2.7,0.4864,0
33,,26995.62,16469.44,6.4,4,2,8.6,0.7972,0
38,41295.19,9871.87,4057.46,12.2,1,3,6.9,0.2391,0
60,20211.92,5248.91,6954.76,12.4,1,1,8.2,0.2597,0
28,39981.07,5846.0,6772.92,27.8,2,5,20.0,0.1462,0
59,28161.18,20182.94,11191.18,17.6,1,4,5.9,0.7167,0
36,22939.91,13662.8,7021.2,8.6,1,1,6.5,0.5956,0
55,56413.5,4767.75,48093.15,9.3,1,3,3.8,0.0845,0
23,14434.48,11337.04,56252.92,5.2,2,2,14.0,0.7854,1
47,50963.54,29801.92,2650.24,3.8,3,1,3.9,0.5848,0
31,54758.71,37258.79,20649.74,11.5,1,7,5.4,0.6804,0
23,21422.86,825.22,26553.87,10.8,1,4,13.6,0.0385,0
42,22199.01,8967.71,20627.66,7.6,3,5,10.0,0.404,0
52,31767.04,17753.92,7891.25,5.0,2,2,12.5,0.5589,0
29,43011.45,18682.34,10989.81,6.5,1,5,5.3,0.4344,0
22,33133.06,17670.46,7342.1,23.8,0,5,9.6,0.5333,0
38,47105.14,30820.86,9545.15,4.7,1,4,3.8,0.6543,0
38,104588.39,31321.05,5074.73,2.8,1,5,7.0,0.2995,0
46,26778.91,18181.14,12187.53,11.8,9,7,2.1,0.6789,1
51,12976.46,1691.26,4014.86,6.3,3,3,21.8,0.1303,0
39,59608.54,12917.7,11383.18,13.3,3,1,10.0,0.2167,0
62,99706.76,3457.48,4920.35,12.3,0,3,5.3,0.0347,0
42,45966.17,13401.04,15763.51,3.2,2,7,9.8,0.2915,0
35,18908.2,5746.72,7757.88,,2,7,12.6,0.3039,0
20,33713.87,21719.03,16856.04,6.8,3,6,14.2,0.6442,0
36,18562.26,9698.87,31737.83,14.8,0,7,4.6,0.5225,0
35,53407.86,18659.53,47646.17,14.8,3,5,10.1,0.3494,0
51,16142.74,8421.53,1767.99,4.0,2,2,9.6,0.5217,0
45,30330.91,1280.77,6854.39,3.0,2,5,19.3,0.0422,0
25,19878.57,2866.83,10483.22,14.4,1,5,5.6,0.1442,0
42,39186.78,19654.45,19307.76,13.4,3,9,4.0,0.5016,1
48,29149.56,14956.45,3567.84,,1,4,4.4,0.5131,0
58,40378.68,25006.83,6089.53,14.5,0,5,10.7,0.6193,0
50,36805.79,11866.18,14828.2,7.9,6,5,7.0,0.3224,0
49,20090.54,11613.2,14298.51,1.7,2,4,17.0,0.578,0
40,52898.29,28945.11,18071.56,6.0,3,1,7.0,0.5472,0
44,35268.33,27181.82,19052.25,6.3,3,6,13.1,0.7707,0
54,20068.02,3453.79,17516.1,1.1,5,3,4.2,0.1721,0
24,139323.79,61489.67,15598.41,16.2,0,3,10.0,0.4413,0
35,48332.43,23267.79,13968.94,16.8,1,4,18.7,0.4814,0
30,33125.0,26464.17,22738.4,18.4,1,1,13.0,0.7989,0
44,84890.95,13662.97,2227.29,3.8,2,3,4.7,0.1609,0
54,109654.45,45898.55,45957.25,6.0,0,3,3.8,0.4186,0
32,33282.61,9217.56,2290.25,7.1,2,4,9.6,0.2769,0
18,44731.74,18819.29,5634.54,3.2,1,6,9.7,0.4207,0
35,20074.35,3727.86,11143.27,9.9,1,5,11.8,0.1857,0
50,33245.82,1266.33,22881.64,4.4,2,8,12.6,0.0381,0
46,32227.08,14761.69,1216.56,8.2,0,4,3.4,0.4581,0
45,40574.55,10901.71,13062.5,5.2,0,1,2.6,0.2687,0
36,44340.61,6453.91,25182.79,11.5,1,3,9.8,0.1456,0
24,50812.47,13167.97,29602.51,14.0,2,4,8.2,0.2591,1
46,41880.92,1651.12,7647.52,7.6,2,6,2.5,0.0394,0
29,17563.08,13354.15,10502.11,7.2,3,2,,0.7604,0
66,20679.95,9614.49,8160.67,10.7,0,4,1.7,0.4649,0
46,26164.41,17054.35,9758.17,2.0,2,2,18.8,0.6518,0
33,30658.21,10377.64,5852.0,6.0,1,2,8.5,0.3385,0
32,68218.06,49297.9,6559.03,4.4,3,3,17.3,0.7227,0
38,18074.12,6988.44,18911.05,16.9,0,2,3.1,0.3867,1
37,29306.1,13456.08,14843.13,27.3,2,12,5.7,0.4592,0
53,64331.57,25310.3,19796.67,3.3,1,5,12.2,0.3934,0
42,30335.49,17795.49,15854.55,8.7,1,1,12.4,0.5866,0
31,47870.24,21700.77,23469.83,3.8,1,7,3.5,0.4533,0
62,33398.78,7256.86,26972.45,4.3,3,3,12.8,0.2173,0
40,42364.67,4932.59,3316.37,8.8,0,4,12.0,0.1164,0
49,,15353.56,6744.97,6.9,0,2,2.4,0.4849,0
32,54189.33,21206.67,11102.21,8.7,4,2,5.5,0.3913,0
44,14370.98,1103.41,13119.54,4.2,1,7,,0.0768,0
43,29202.59,9242.44,7815.99,8.8,1,1,9.0,0.3165,0
18,43388.24,17868.19,27711.95,16.5,2,0,9.3,0.4118,0
64,50021.95,33090.25,65118.16,12.7,0,4,13.1,0.6615,1
55,88944.83,5415.04,15505.18,2.9,0,3,5.5,0.0609,0
35,28721.04,8007.32,14292.25,19.7,5,5,9.8,0.2788,0
26,88228.83,58065.59,26359.0,3.9,1,3,8.8,0.6581,0
44,24454.9,12685.71,3002.88,4.3,1,5,1.6,0.5187,0
41,80594.67,18695.28,13667.49,,0,3,5.2,0.232,0
44,59306.86,40107.34,29238.12,9.0,1,5,13.4,0.6763,0
42,20992.59,8284.41,7986.25,7.5,0,7,3.3,0.3946,0
46,43661.57,17407.06,5007.8,6.5,1,1,8.9,0.3987,0
57,,27513.27,11514.42,6.7,0,5,1.6,0.7813,0
46,52857.28,40049.6,12726.63,6.9,0,2,2.0,0.7577,0
27,31762.35,9110.27,6458.02,11.2,0,2,16.1,0.2868,0
56,30201.66,3396.58,71462.56,12.0,1,2,6.2,0.1125,1
59,82574.55,21513.43,9109.22,6.9,1,8,6.6,0.2605,0
77,34226.91,834.68,5308.54,17.8,2,4,5.6,0.0244,0
26,59626.38,990.65,12395.68,8.9,0,2,2.1,0.0166,0
42,31722.74,10037.64,27619.81,9.8,2,6,7.3,0.3164,0
18,98715.57,74314.65,13547.15,15.6,2,5,16.1,0.7528,0
46,24173.18,16850.78,19701.99,,3,5,5.2,0.6971,0
33,25122.37,10278.92,6652.79,11.3,0,3,3.9,0.4092,0
63,90645.39,40988.13,43921.13,4.7,1,2,21.3,0.4522,0
30,27806.7,131.99,20939.0,4.4,0,5,2.8,0.0047,0
19,94906.23,16361.92,30889.18,18.7,1,6,7.7,0.1724,1
34,62013.31,1229.06,17892.35,21.6,3,4,10.4,0.0198,0
18,33097.41,19978.64,25845.9,9.8,1,7,4.4,0.6036,0
49,12234.61,1425.54,6644.59,5.9,1,3,6.4,0.1165,0
18,35897.0,24956.95,9017.04,11.0,1,3,13.1,0.6952,0
40,38598.86,19865.27,39229.51,8.6,0,3,7.1,0.5147,0
18,73154.63,13426.43,46527.26,13.1,2,8,10.2,0.1835,0
36,94189.91,11884.53,5336.62,,2,4,4.7,0.1262,0
59,24076.89,12089.0,16314.16,8.5,2,2,11.5,0.5021,0
44,58730.18,42325.05,9463.95,4.4,1,1,6.9,0.7207,0
29,57482.81,33034.69,7649.34,6.2,3,5,12.9,0.5747,0
39,69150.99,19281.88,16778.8,7.4,3,5,15.1,0.2788,0
40,48982.28,23017.11,33281.95,11.3,1,3,7.2,0.4699,0
45,11321.98,2814.75,19174.37,5.6,2,6,7.0,0.2486,0
23,33082.06,26443.14,10346.36,20.3,3,1,14.2,0.7993,0
47,18152.72,10874.77,20168.74,8.3,5,2,11.3,0.5991,0
18,32158.64,15806.14,10016.8,3.3,4,2,10.4,0.4915,0
32,65382.02,22138.83,18577.22,6.9,1,5,2.5,0.3386,0
34,43612.13,21567.15,40830.01,12.3,0,7,4.3,0.4945,1
47,72319.89,19764.51,2535.82,7.0,1,9,3.0,0.2733,0
40,44580.52,1029.45,25280.83,4.4,1,3,11.0,0.0231,0
23,16663.97,5266.99,3900.09,6.4,3,3,2.6,0.3161,0
28,8002.36,5956.83,35691.3,5.5,1,2,2.9,0.7444,0
42,39707.1,19894.88,8025.5,11.2,2,4,12.1,0.501,0
39,31940.95,2145.3,5043.54,5.4,2,4,12.8,0.0672,0
33,,14307.14,23300.16,,0,7,4.8,0.708,0
34,13090.26,2815.71,17878.18,5.1,1,3,17.3,0.2151,0
48,23368.73,4557.27,6006.82,14.6,1,1,1.3,0.195,0
33,32315.59,7680.54,4902.99,10.9,1,4,2.5,0.2377,0
38,54150.73,25004.74,11498.99,2.6,0,7,12.0,0.4618,0
66,40667.26,17720.78,5098.65,13.9,0,2,4.9,0.4358,0
22,95305.27,37467.46,5714.84,,1,5,3.7,0.3931,0
18,19509.12,11198.81,14654.41,11.6,2,6,6.5,0.574,1
49,61613.44,15602.38,6169.07,4.6,0,3,16.5,0.2532,1
31,37360.87,23374.89,18792.84,14.7,1,2,6.0,0.6257,0
36,55094.3,7727.38,44007.48,7.4,2,7,4.2,0.1403,0
30,27947.73,17497.98,11862.72,5.4,2,2,9.0,0.6261,0
36,69079.15,36684.35,14825.75,7.4,0,5,8.3,0.531,0
59,43353.16,23695.39,67136.11,10.3,2,4,13.6,0.5466,0
49,24157.09,9306.34,5166.34,11.5,1,4,23.2,0.3852,0
50,36054.45,19238.7,34647.75,9.1,1,6,15.6,0.5336,0
23,31453.53,2007.92,31466.73,8.0,1,7,12.8,0.0638,0
26,48703.54,33178.84,26461.7,4.4,3,1,7.7,0.6812,0
18,17892.45,795.1,37548.86,10.9,0,3,6.6,0.0444,0
30,,4245.86,16721.66,9.3,2,3,5.2,0.119,0
51,46036.25,21242.59,8380.45,11.4,0,2,3.7,0.4614,1
46,37042.23,21911.56,32069.43,7.7,1,4,6.1,0.5915,0
37,81484.23,4970.64,33066.43,12.1,1,5,11.3,0.061,0
39,57780.91,42562.1,32346.18,11.3,1,5,3.3,0.7366,0
31,36152.87,28158.97,13843.92,6.5,4,2,7.2,0.7789,0
42,41357.68,20048.55,7532.97,8.1,2,3,5.7,0.4848,0
49,43364.63,16695.16,15569.82,12.7,2,4,8.0,0.385,0
20,46257.54,27436.09,28389.77,13.2,2,3,5.4,0.5931,0
43,12144.18,3190.1,30317.53,15.8,1,5,8.0,0.2627,0
51,30305.49,11958.9,9473.55,5.4,6,6,6.5,0.3946,0
35,14903.28,10922.92,17193.7,6.7,1,3,10.5,0.7329,0
48,78195.59,59782.43,4689.01,19.3,3,5,6.4,0.7645,0
73,35013.55,25967.98,29376.79,24.3,2,6,13.3,0.7417,0
38,32337.91,6789.62,7139.18,9.8,1,4,5.1,0.21,0
44,62198.02,11567.29,25039.36,8.0,1,5,8.6,0.186,0
31,46788.6,11141.84,5327.07,24.2,1,5,27.4,0.2381,0
42,18449.99,6513.75,30489.35,20.3,1,4,8.9,0.353,0
45,34802.93,8747.16,17282.82,12.8,0,4,1.6,0.2513,0
42,29699.93,8891.28,7150.33,7.8,4,4,7.0,0.2994,0
27,12749.92,6330.46,23227.34,10.3,0,8,4.6,0.4965,0
42,24000.6,14640.86,8330.77,2.8,1,5,10.8,0.61,0
57,32528.63,19141.36,24334.35,14.1,1,4,9.4,0.5884,0
45,33895.23,22084.06,10729.06,5.6,3,1,5.2,0.6515,0
51,14923.03,384.23,3371.67,18.7,2,4,11.4,0.0257,0
37,72475.17,2767.61,6087.95,2.2,1,5,8.1,0.0382,0
48,34157.52,21570.69,9467.96,5.8,2,3,2.5,0.6315,0
43,37143.05,15840.14,39916.75,9.1,1,9,6.2,0.4265,1
28,46183.83,21360.6,27471.79,8.8,0,8,20.6,0.4625,0
43,22632.77,952.15,48976.17,5.2,1,2,5.4,0.0421,0
28,47753.78,9753.76,50156.74,9.0,0,5,5.4,0.2043,0
32,29136.74,14879.65,8709.76,7.7,3,5,13.6,0.5107,0
42,21206.2,14575.99,11489.75,9.0,1,2,0.9,0.6873,0
43,51229.38,37581.19,9614.0,6.3,2,7,7.3,0.7336,0
25,88876.61,35580.47,7807.12,15.5,2,6,7.3,0.4003,0
52,56100.37,24481.05,3061.94,10.4,5,4,11.1,0.4364,0
46,63182.75,42107.49,13203.03,6.5,2,7,4.8,0.6664,0
31,26572.22,11428.7,4776.9,12.0,0,1,6.8,0.4301,0
21,13924.82,5757.73,12999.45,5.7,2,2,8.7,0.4135,0
38,88794.72,64293.35,72592.48,5.8,1,4,10.3,0.7241,0
34,124580.69,78728.29,8888.59,2.5,4,1,5.7,0.6319,0
41,91645.58,66649.98,15612.38,10.8,0,6,19.8,0.7273,0
35,29688.9,5183.61,27593.04,9.4,1,4,,0.1746,0
18,18164.41,7619.98,16717.86,4.8,3,2,5.1,0.4195,0
35,19160.2,12913.55,16881.73,4.7,1,1,7.2,0.674,0
36,13223.63,1175.82,9997.38,10.9,1,3,8.6,0.0889,1
47,34049.57,21646.32,11097.75,6.6,1,5,15.2,0.6357,0
31,95168.74,13930.68,6198.06,,2,2,10.8,0.1464,0
60,33356.32,21564.69,26287.16,2.6,0,5,3.5,0.6465,0
18,43538.19,21316.33,3316.97,3.8,2,4,9.4,0.4896,0
55,82897.33,12815.0,29052.82,14.6,3,0,15.8,0.1546,0
37,28496.68,10791.22,4346.13,9.8,2,8,7.8,0.3787,0
50,123169.76,67192.08,28856.36,12.7,0,7,15.4,0.5455,0
40,120001.15,60850.46,10066.27,6.6,1,2,1.3,0.5071,0
53,33568.16,11473.52,4986.58,5.2,0,6,11.1,0.3418,0
35,25680.3,18476.8,21235.7,14.0,1,2,13.9,0.7195,0
26,55179.28,22922.07,28085.65,0.8,2,4,5.9,0.4154,0
57,29480.52,11930.58,9410.08,8.2,2,3,2.4,0.4047,0
38,18143.49,903.55,23777.34,12.3,3,3,12.5,0.0498,0
42,78334.48,57787.06,2147.23,6.6,0,3,3.5,0.7377,0
54,75347.68,10676.26,4644.89,25.7,4,3,5.6,0.1417,0
27,39867.11,16850.86,37568.72,8.4,0,2,12.9,0.4227,0
47,17022.33,10942.87,11170.87,10.9,2,2,9.6,0.6429,0
32,17366.26,2993.29,3011.61,4.9,1,2,32.5,0.1724,0
38,38728.75,16339.61,7638.12,20.3,1,7,7.4,0.4219,0
40,26905.27,5180.55,6382.27,9.0,0,4,8.9,0.1925,0
21,29594.51,17986.24,11698.67,6.9,0,6,12.5,0.6078,0
30,67048.93,30270.78,9930.83,8.7,2,1,3.5,0.4515,0
56,56382.13,38609.39,15415.76,3.4,0,2,6.9,0.6848,0
50,83024.05,59415.86,12637.54,11.7,1,6,3.1,0.7156,0
39,20042.82,10401.96,39647.83,5.8,0,3,2.6,0.519,0
42,29557.27,17152.47,18762.94,10.3,1,3,14.2,0.5803,0
36,57261.8,25159.47,19266.77,2.6,3,5,7.9,0.4394,0
56,47517.2,14613.58,33932.4,3.3,1,3,8.2,0.3075,0
37,91074.05,47221.38,9788.71,8.9,2,8,10.0,0.5185,0
42,46738.43,33961.59,4868.29,19.2,2,6,4.1,0.7266,0
53,110069.3,36690.97,35086.66,2.3,0,2,12.4,0.3333,0
30,50212.07,12629.74,14893.4,5.7,0,4,9.7,0.2515,0
58,68685.99,21344.14,14935.27,3.7,1,0,10.3,0.3107,0
21,29908.29,10417.6,8049.27,6.5,2,2,4.2,0.3483,0
59,36628.15,2155.52,8156.05,8.6,3,5,8.8,0.0588,0
35,62728.22,25013.1,26301.41,7.2,1,5,11.5,0.3988,0
37,95586.5,37799.82,29369.87,1.7,1,3,6.2,0.3955,1
18,56248.92,26479.46,25010.69,2.7,4,3,7.2,0.4708,0
34,34547.72,10027.68,25194.2,3.8,1,6,7.1,0.2903,1
27,82983.83,40702.41,21061.96,6.1,0,6,5.8,0.4905,0
32,9747.96,6848.65,14842.03,4.9,3,2,9.3,0.7026,0
38,15470.02,11824.92,11610.86,6.2,1,2,7.2,0.7644,0
51,54665.09,25522.57,35180.92,7.8,0,5,5.9,0.4669,0
42,36624.22,1247.89,9907.26,6.8,2,6,19.8,0.0341,0
43,52224.56,40494.34,17961.46,21.3,0,8,7.4,0.7754,0
26,37746.37,21314.98,7021.9,21.7,1,1,3.5,0.5647,0
29,51152.54,13748.32,7883.76,8.7,1,3,8.9,0.2688,0
61,22278.08,2622.71,11059.85,5.4,1,4,8.6,0.1177,0
31,51138.44,5867.36,7022.32,6.7,2,6,9.2,0.1147,0
59,65949.77,8850.16,25292.96,9.6,2,5,20.0,0.1342,0
37,75533.41,2753.8,4544.04,4.4,3,6,1.4,0.0365,0
40,121556.27,87730.0,14463.5,9.7,0,5,11.9,0.7217,0
52,42043.46,18188.61,14853.73,6.9,0,4,4.9,0.4326,0
55,42802.28,23967.89,3138.06,19.6,3,6,7.0,0.56,0
38,14560.92,9646.42,9387.94,4.3,0,3,3.2,0.6625,0
35,26400.89,16717.91,16392.18,16.8,1,6,12.6,0.6332,0
39,32342.93,22836.84,18825.78,9.6,1,5,7.4,0.7061,0
44,68199.45,52772.99,11345.25,5.2,4,7,9.7,0.7738,0
50,25169.78,8841.05,22960.04,12.4,5,5,15.8,0.3513,0
40,58559.82,44521.18,12241.01,0.9,0,3,3.8,0.7603,0
47,36280.18,20992.87,13506.45,6.1,2,1,9.6,0.5786,0
59,32653.23,1846.04,16339.21,7.1,1,2,24.7,0.0565,0
44,42164.6,22997.69,28045.96,5.3,0,3,14.7,0.5454,0
43,28718.77,15777.33,7780.89,14.4,1,3,4.0,0.5494,0
21,28073.4,20344.47,9050.2,24.4,4,5,17.1,0.7247,0
18,13057.64,3895.69,7823.46,4.4,3,6,8.0,0.2983,0
44,31295.43,14644.05,10241.89,13.7,3,5,19.3,0.4679,1
38,27228.49,265.48,41814.04,8.5,1,3,13.5,0.0098,0
33,26646.46,7078.9,21124.32,13.0,5,1,6.8,0.2657,0
42,46635.8,2322.23,5405.26,9.4,3,5,13.5,0.0498,0
39,53915.82,22509.77,8263.82,7.3,1,2,2.7,0.4175,0
53,41744.24,27298.98,18001.56,31.1,2,7,4.3,0.654,0
41,65989.38,10898.42,6469.11,9.1,2,2,12.7,0.1652,0
31,51294.41,21643.82,7478.05,13.6,1,6,3.2,0.422,0
51,30423.37,4965.3,39181.8,5.4,0,4,6.9,0.1632,0
37,27509.49,2656.06,8178.79,18.8,0,2,9.8,0.0966,0
46,43813.33,17910.78,28673.64,8.3,0,3,10.2,0.4088,0
34,51239.21,3244.41,36470.48,3.3,2,6,14.9,0.0633,0
32,84011.3,39475.54,7429.62,6.5,0,5,5.5,0.4699,0
41,74213.68,1860.53,6555.31,9.0,0,5,13.8,0.0251,0
40,26241.99,2240.33,10711.73,8.7,2,3,12.9,0.0854,0
45,34159.51,15030.12,5592.03,7.7,0,3,5.3,0.44,0
36,54317.99,25699.25,14718.01,8.5,0,7,2.1,0.4731,0
18,68926.68,1598.38,11333.05,4.1,0,6,6.2,0.0232,0
34,63791.91,29261.44,17826.9,8.3,0,6,5.4,0.4587,0
49,34949.98,23444.52,40845.62,6.0,2,2,3.6,0.6708,1
36,17112.88,9888.73,25693.36,10.9,2,4,8.5,0.5779,0
37,19943.09,2092.99,19759.54,8.6,0,9,24.6,0.1049,0
51,42769.48,20271.87,2771.55,5.5,2,2,8.6,0.474,0
31,44593.14,23982.28,19047.68,11.3,1,6,22.0,0.5378,0
21,18784.59,559.5,53002.91,14.2,2,7,27.5,0.0298,0
38,37299.74,25523.4,1201.81,9.9,2,4,5.1,0.6843,0
34,53036.45,38452.16,23190.69,4.9,1,1,5.7,0.725,1
28,18201.59,12383.67,11760.63,22.5,0,1,13.5,0.6804,0
37,70473.94,46492.02,6769.37,7.9,3,8,7.3,0.6597,0
45,28954.51,17256.08,25359.35,9.7,3,2,4.2,0.596,0
39,77231.9,39136.93,52457.82,2.3,0,1,8.4,0.5067,0
43,26368.58,14315.54,24839.36,8.5,1,3,11.7,0.5429,0
61,19614.51,12653.64,9927.33,12.8,0,4,,0.6451,0
35,27587.49,14621.34,6280.62,6.9,1,2,10.9,0.53,0
43,34300.36,8992.92,14998.45,10.6,2,2,9.7,0.2622,0
33,28764.93,8651.6,26863.81,10.7,3,4,7.4,0.3008,0
29,31901.21,22893.77,9802.16,13.4,0,4,4.8,0.7176,0
32,44372.67,607.8,10590.3,8.1,1,5,20.1,0.0137,0
34,32770.77,18320.71,127720.58,6.3,0,4,17.3,0.5591,1
44,34903.16,26659.8,31663.55,3.6,2,2,6.2,0.7638,1
68,13022.89,7357.71,33526.89,10.8,2,1,7.4,0.565,0
31,45936.66,36525.6,4153.77,21.6,1,5,12.8,0.7951,0
35,34422.92,18933.84,7587.44,5.0,3,1,4.9,0.55,0
39,95432.63,2623.48,14182.23,12.3,0,3,21.3,0.0275,0
44,20666.33,13673.01,5997.45,19.9,2,7,8.3,0.6616,0
43,12271.35,2794.23,48065.4,,2,3,5.1,0.2277,1
55,52619.45,18777.03,41284.81,14.5,0,6,10.1,0.3568,0
18,,11162.5,8718.16,3.3,3,0,11.7,0.2497,0
18,19829.78,4260.3,55666.56,14.6,1,4,6.8,0.2148,0
34,14503.58,5005.54,13314.36,2.3,0,4,7.9,0.3451,0
53,91348.58,27678.73,106033.65,1.7,0,7,9.2,0.303,1
21,84835.23,42983.54,14999.15,4.4,2,5,8.0,0.5067,0
18,8164.3,5311.05,21183.0,11.0,2,5,2.8,0.6505,0
46,27586.07,6556.41,40942.45,9.0,4,4,3.9,0.2377,0
42,98569.31,16853.08,37127.26,14.8,1,1,8.3,0.171,0
26,27292.37,14560.92,20102.22,7.9,0,7,4.4,0.5335,0
28,27055.15,14508.49,11933.3,4.1,2,4,15.4,0.5363,0
28,30648.67,22094.78,20156.99,9.2,1,3,23.1,0.7209,0
41,18535.85,236.45,6953.86,11.6,2,10,11.4,0.0128,0
32,13057.72,8911.01,15088.78,10.6,0,8,2.6,0.6824,0
45,68290.67,28463.67,5500.28,10.8,1,5,1.1,0.4168,1
18,12018.93,5973.91,3214.07,12.5,0,4,5.6,0.497,0
29,42123.58,3079.11,13909.7,8.3,4,1,10.2,0.0731,0
26,61817.87,21394.67,36673.96,14.8,3,2,12.7,0.3461,0
36,15203.25,2764.59,28019.16,2.9,3,2,2.5,0.1818,0
33,20856.88,4241.87,12512.33,15.3,1,2,8.0,0.2034,0
49,75200.08,30326.39,54046.05,15.0,0,2,3.3,0.4033,0
18,49997.84,32496.83,8473.94,8.0,3,6,1.5,0.65,0
40,25075.05,14920.28,2880.54,10.0,0,8,9.1,0.595,0
46,74708.52,35322.19,2331.62,11.2,0,3,,0.4728,0
62,74900.92,32322.34,5192.9,29.0,1,3,10.4,0.4315,0
34,42677.69,14589.15,25675.69,7.6,2,2,8.2,0.3418,0
43,21160.76,16466.63,8039.79,7.8,0,3,1.9,0.7782,0
18,28337.2,12699.43,19317.5,3.8,2,3,10.1,0.4482,0
18,43123.87,8761.61,49862.61,18.5,0,3,6.2,0.2032,0
50,32430.13,5969.5,5540.96,,2,7,5.6,0.1841,0
39,63791.44,31199.27,19590.5,6.7,3,3,6.8,0.4891,0
54,14503.36,6066.2,20561.39,8.5,1,2,1.3,0.4183,0
23,14815.69,91.24,6710.37,13.3,0,1,12.2,0.0062,0
46,40478.36,26879.75,39472.86,8.9,0,5,7.5,0.6641,0
62,27040.02,15231.59,10612.99,10.6,0,1,,0.5633,0
45,24928.6,13198.78,9828.07,4.2,2,6,12.0,0.5295,0
43,12571.23,691.73,72351.44,4.6,6,6,5.6,0.055,1
40,36743.9,10642.68,20296.7,16.2,1,5,19.1,0.2896,0
21,35184.01,26328.4,28007.64,5.5,1,5,15.3,0.7483,0
56,,37090.91,39494.41,12.2,1,5,5.0,0.6901,0
32,37848.39,8645.87,7939.62,4.7,1,6,7.1,0.2284,1
46,33538.11,4213.97,36310.31,2.0,1,5,12.0,0.1256,0
21,73585.29,26437.01,8941.73,14.6,1,4,4.6,0.3593,0
25,,4703.56,8641.24,6.0,1,2,5.5,0.2847,0
57,50102.87,27345.2,10747.19,19.7,2,1,2.0,0.5458,0
35,13323.86,10301.31,8122.13,5.2,0,2,2.7,0.7731,0
57,21960.11,6377.24,25789.56,3.4,4,6,3.5,0.2904,0
39,17542.92,873.27,16543.83,4.9,2,4,7.7,0.0498,0
18,58056.13,41689.6,9018.38,8.5,0,7,13.0,0.7181,0
50,34917.86,1060.1,22916.31,27.4,1,7,4.8,0.0304,0
32,36022.47,27456.78,10719.87,18.1,1,1,11.6,0.7622,0
48,18694.04,9938.94,10275.77,14.4,1,6,4.7,0.5317,0
40,30338.84,22855.81,13890.31,20.0,0,7,9.9,0.7534,0
21,22969.46,3668.86,19356.2,7.7,0,3,6.4,0.1597,0
41,45710.03,1488.31,18249.23,6.1,0,2,2.9,0.0326,0
66,20037.19,7825.88,9990.61,15.0,0,5,12.1,0.3906,0
45,80650.2,29074.29,26309.59,8.2,0,5,12.2,0.3605,0
39,13288.47,3524.02,11182.27,4.8,2,5,1.2,0.2652,0
52,22383.7,17148.72,7911.02,0.5,2,5,8.8,0.7661,0
42,99341.66,65373.47,4128.14,4.4,2,8,,0.6581,0
42,27970.81,14803.99,29335.18,11.2,1,4,8.2,0.5293,0
26,16499.29,2149.64,13492.81,4.8,0,4,5.7,0.1303,0
42,41416.84,24330.68,15814.74,13.3,2,4,3.5,0.5875,0
52,27303.35,15879.9,30842.3,3.2,1,6,7.7,0.5816,0
29,21992.96,7478.81,9118.63,4.5,1,7,1.1,0.3401,0
57,18816.28,13920.82,4449.2,20.1,3,4,3.9,0.7398,0
38,191190.23,25539.63,14126.74,14.3,2,7,9.2,0.1336,0
29,31227.95,6678.72,17092.06,8.6,1,3,,0.2139,0
51,11437.58,578.51,10826.16,8.6,2,3,16.5,0.0506,0
36,88985.25,56626.72,43433.66,4.9,1,5,3.2,0.6364,0
49,52398.99,26063.65,1828.16,16.4,1,11,4.5,0.4974,0
36,22928.14,5776.8,32729.93,16.5,0,5,10.7,0.252,0
39,20746.41,2718.84,25157.79,7.6,0,7,12.3,0.1311,0
45,54398.05,1747.17,19252.89,7.5,1,0,19.0,0.0321,0
43,31314.89,4177.3,926.37,5.9,2,5,10.5,0.1334,0
18,11434.76,4146.56,37313.52,9.8,3,7,8.7,0.3626,0
26,106121.93,20984.72,5877.3,2.1,1,3,8.3,0.1977,0
51,27990.09,5799.15,8900.35,8.0,3,3,3.7,0.2072,0
38,89084.71,62400.37,11655.41,,0,5,2.0,0.7005,1
33,78202.82,32228.18,18507.56,9.2,3,4,10.4,0.4121,0
23,19918.3,11620.37,22282.18,12.3,3,6,9.9,0.5834,0
27,67502.1,1928.45,27289.91,10.4,1,4,2.0,0.0286,0
18,24566.39,7176.6,25659.85,9.4,2,2,3.8,0.2921,0
38,11848.77,4542.05,16355.86,8.4,0,4,19.9,0.3833,0
32,28148.27,4197.85,18633.91,13.4,0,3,2.6,0.1491,1
28,46100.66,4432.73,5582.53,7.3,2,3,2.3,0.0962,0
39,27511.46,19154.66,7325.95,4.3,2,3,2.8,0.6962,0
44,30205.25,22700.61,27347.17,17.4,1,3,,0.7515,0
65,72123.82,4547.07,26102.01,12.6,5,6,9.5,0.063,1
21,38711.67,10808.88,23838.08,1.9,2,6,15.7,0.2792,0
53,21895.16,16785.45,8852.6,9.9,2,8,10.5,0.7666,0
51,55338.17,3681.61,27678.02,1.8,0,5,5.0,0.0665,0
30,40888.55,21054.05,5276.43,3.4,1,11,1.6,0.5149,0
42,7998.72,6221.22,31630.84,10.5,1,6,7.2,0.7778,0
34,46958.14,36748.45,10843.31,17.0,1,1,19.5,0.7826,0
42,45940.26,17318.5,51397.06,24.5,2,6,4.9,0.377,0
58,36756.59,4785.68,3955.44,20.1,1,2,10.6,0.1302,0
47,62008.1,10024.69,54760.44,2.5,3,2,5.4,0.1617,0
46,24259.51,17265.04,10004.88,21.6,3,5,10.0,0.7117,0
34,44440.21,32412.31,9861.73,13.4,1,3,8.4,0.7293,0
22,14183.36,6897.42,15613.19,14.0,5,2,9.8,0.4863,0
37,46362.87,28417.71,7649.05,5.7,1,5,4.9,0.6129,0
54,117223.29,69389.74,12608.63,11.1,1,9,4.7,0.5919,0
21,19991.97,10584.89,7404.91,10.6,0,4,3.4,0.5295,0
27,23020.0,15235.13,7624.71,11.0,5,1,6.5,0.6618,0
41,23718.03,13005.2,19722.37,12.2,0,4,9.8,0.5483,0
28,39261.47,16772.57,6494.74,8.3,3,2,8.5,0.4272,0
30,19190.65,3637.88,7226.03,7.3,2,6,6.1,0.1896,0
34,46758.36,27826.39,4454.93,8.9,0,8,10.1,0.5951,0
23,60361.33,22861.87,8927.18,15.9,1,4,10.7,0.3788,0
28,50041.52,11801.46,38150.02,13.9,1,2,12.2,0.2358,0
48,12568.52,8063.42,6790.32,15.4,0,7,5.5,0.6416,0
24,65979.58,36775.1,7440.5,10.7,1,4,5.9,0.5574,0
20,,47789.79,15601.74,4.5,1,4,15.4,0.7499,0
32,59760.3,7909.47,9930.47,5.8,1,4,14.0,0.1324,0
48,45419.89,23588.88,79421.43,13.8,1,4,,0.5194,1
37,41444.63,8097.93,11730.85,16.2,0,1,2.7,0.1954,0
34,67469.68,48771.56,17468.85,15.0,1,2,6.8,0.7229,0
40,115163.49,9166.96,28424.74,8.9,2,2,13.3,0.0796,0
19,20499.91,10761.01,27991.67,9.7,4,1,12.2,0.5249,1
45,69346.8,43887.41,16100.89,9.0,3,3,8.2,0.6329,0
44,34484.66,9791.38,11744.0,3.0,0,10,8.0,0.2839,0
35,33597.14,25645.05,67455.46,4.2,1,4,4.1,0.7633,1
52,14444.68,9830.83,12334.95,11.9,1,4,3.6,0.6806,0
26,30611.36,7214.93,9382.94,7.0,1,3,4.4,0.2357,0
53,19963.1,120.43,7969.05,1.7,1,4,4.2,0.006,0
41,27493.02,6524.8,3356.18,9.2,3,1,6.2,0.2373,0
35,18790.15,4228.69,25778.41,4.4,3,2,12.6,0.225,0
39,27740.67,19750.57,2041.71,4.0,1,7,3.0,0.712,0
38,28462.25,22021.16,13298.7,2.9,0,6,,0.7737,0
54,38486.12,2168.77,11340.23,5.1,2,8,7.1,0.0564,0
27,13782.43,5196.47,80175.41,1.3,2,5,15.6,0.377,1
30,15255.4,6692.02,3086.15,4.4,1,5,4.4,0.4387,0
52,45123.05,3353.97,6497.14,12.0,2,1,6.7,0.0743,0
32,22506.0,6796.77,11981.55,10.4,3,5,9.8,0.302,1
50,69197.35,17553.01,11406.93,15.1,1,5,6.3,0.2537,0
60,41571.16,17827.59,8607.29,10.9,2,5,8.9,0.4288,0
35,52263.7,27645.03,12521.59,1.0,3,5,11.3,0.529,0
48,84661.43,47646.44,4877.31,6.9,3,8,11.3,0.5628,0
26,30157.04,3299.3,17778.66,6.5,2,8,3.7,0.1094,0
49,25727.3,16731.96,2085.6,4.1,0,3,7.2,0.6504,0
42,61268.53,33258.62,13087.13,2.9,0,3,3.6,0.5428,0
45,49301.42,35066.12,8264.42,11.6,0,1,10.1,0.7113,0
32,32454.74,11666.47,30122.58,8.0,2,4,15.9,0.3595,0
20,,59847.71,54407.04,3.7,3,7,7.0,0.7151,1
46,,22145.26,10251.28,2.6,1,5,10.9,0.6926,0
18,37036.68,12989.78,40642.95,13.5,1,4,7.8,0.3507,0
36,36780.89,11215.03,10374.51,12.2,1,9,7.5,0.3049,0
51,20728.06,15468.31,6167.81,12.4,1,8,2.4,0.7462,0
42,38046.0,21767.33,53999.11,11.9,1,3,14.8,0.5721,0
63,83956.67,62345.91,20264.4,11.9,3,4,10.0,0.7426,0
52,47428.61,30239.52,13407.25,11.1,2,4,7.3,0.6376,0
32,36998.7,18034.57,23149.81,5.5,1,2,8.9,0.4874,0
40,32956.36,3054.47,16636.79,11.8,0,5,6.6,0.0927,1
39,44290.27,10327.81,12640.04,8.8,1,3,1.1,0.2332,0
21,56946.07,44137.41,4623.25,4.5,1,3,5.3,0.7751,0
28,52341.42,13375.2,10759.78,8.1,2,6,13.5,0.2555,0
33,29758.83,2220.12,21995.75,16.2,0,1,5.5,0.0746,1
18,44128.85,24978.81,12109.95,9.7,0,5,9.4,0.566,0
40,48434.32,28440.8,27497.78,10.5,1,5,3.2,0.5872,0
37,19844.52,4531.82,18159.04,3.9,1,6,8.1,0.2284,0
19,40172.51,9566.58,6617.62,4.7,1,4,19.7,0.2381,0
44,9929.03,3724.52,4650.19,8.8,4,1,3.7,0.3751,1
48,48509.76,845.58,11781.16,7.4,0,3,5.8,0.0174,0
42,53971.2,34080.57,8783.39,6.7,2,5,8.8,0.6315,0
36,56870.25,14426.33,17484.28,3.9,1,5,6.9,0.2537,0
47,28651.81,19569.49,7521.27,4.6,1,2,3.4,0.683,0
48,43714.19,28069.07,8165.61,2.8,3,3,10.4,0.6421,0
43,85337.76,45154.05,31022.12,5.8,0,5,,0.5291,0
30,84817.89,22044.16,15041.41,7.4,3,4,3.7,0.2599,0
43,35685.38,14739.96,7614.57,7.7,0,3,13.4,0.4131,0
54,39481.67,14050.08,13549.62,15.9,4,1,11.6,0.3559,0
32,70724.45,19173.79,40260.62,1.6,3,4,2.1,0.2711,1
65,14757.68,10013.22,16899.33,21.2,3,8,9.1,0.6785,0
33,29916.17,11571.74,21468.9,11.9,2,3,14.2,0.3868,0
40,80930.2,53913.96,7318.88,8.5,4,1,2.9,0.6662,0
31,65193.84,5487.68,30367.72,4.4,2,6,4.7,0.0842,0
42,45322.47,5113.27,85347.1,6.0,0,2,9.4,0.1128,0
19,14713.2,11503.61,7092.73,11.7,0,6,7.4,0.7819,0
33,35244.12,16572.31,5189.98,4.9,3,5,12.9,0.4702,0
26,25490.24,10395.32,15374.01,12.4,2,2,3.9,0.4078,0
41,44294.83,18538.49,26914.06,8.0,2,2,6.8,0.4185,0
51,22345.76,3848.28,12417.83,8.0,0,5,12.4,0.1722,0
47,19625.13,11283.73,5752.76,11.8,2,1,6.6,0.575,0
18,10520.5,713.55,12248.18,3.7,2,3,8.0,0.0678,0
64,75590.27,34670.16,21557.39,6.6,2,7,2.2,0.4587,0
43,28570.72,13045.82,9646.73,7.4,1,2,2.9,0.4566,0
30,39906.22,29185.44,21715.99,11.4,1,6,10.1,0.7314,0
41,36266.77,15266.36,33920.29,15.2,1,1,11.8,0.4209,0
42,19140.08,2098.71,16190.57,3.5,1,1,10.4,0.1097,0
31,17061.18,7817.48,13064.34,8.1,2,4,12.1,0.4582,0
42,19866.91,1451.52,25938.28,3.3,3,5,7.7,0.0731,0
32,23531.59,3836.47,6735.31,8.0,0,4,15.3,0.163,0
35,45250.26,1126.14,6224.4,10.5,1,3,4.7,0.0249,0
31,22529.24,9251.29,10793.96,6.0,3,4,1.5,0.4106,0
22,103558.75,7003.27,9013.66,15.6,2,1,5.8,0.0676,0
41,67257.96,25256.41,7025.67,10.6,0,6,15.3,0.3755,0
47,58983.66,44022.81,57778.66,10.1,0,7,8.7,0.7464,0
46,33799.61,19462.12,75932.08,8.7,0,6,5.5,0.5758,1
49,90090.36,5579.24,10067.18,11.6,0,5,8.2,0.0619,0
43,31862.87,5715.17,14376.86,16.3,3,4,9.6,0.1794,0
33,35640.69,19207.83,11495.67,9.0,2,3,6.1,0.5389,0
50,40214.57,28784.04,32402.78,6.3,1,4,10.1,0.7158,0
23,55331.29,1457.14,37968.66,26.9,1,4,16.3,0.0263,1
29,53217.62,34589.37,3223.39,8.9,0,3,15.6,0.65,0
28,27307.72,12273.48,19551.53,7.4,2,2,12.5,0.4495,0
52,26375.84,11522.89,4696.36,11.3,3,2,18.0,0.4369,0
51,53313.34,40851.38,54536.08,2.1,0,1,3.4,0.7663,0
45,55778.4,33361.94,19000.08,3.3,2,3,,0.5981,1
52,28680.98,19505.79,6914.12,1.7,1,3,23.0,0.6801,0
29,14012.25,3968.22,11014.22,2.0,0,1,4.9,0.2832,0
44,32067.89,14221.83,10602.21,4.2,1,3,6.6,0.4435,0
38,52792.03,25990.81,20334.83,6.0,2,2,18.1,0.4923,0
50,107285.64,27601.07,30746.46,,4,5,12.8,0.2573,0
38,17698.32,8073.95,5331.75,7.5,1,7,3.6,0.4562,0
35,28114.96,5322.85,58162.94,9.8,2,4,17.6,0.1893,0
46,,3297.52,48269.35,6.2,3,6,,0.1147,1
50,81918.75,24508.14,6632.53,10.0,3,3,13.7,0.2992,0
31,35562.08,21032.54,14160.92,16.3,1,2,7.1,0.5914,0
39,21069.97,15443.23,52504.12,23.0,1,4,9.7,0.7329,1
27,50777.93,18593.42,35822.62,17.9,1,6,3.3,0.3662,0
18,28487.39,14649.9,10204.72,21.3,2,4,6.3,0.5143,0
42,17419.88,1435.92,25628.8,7.6,3,3,15.1,0.0824,0
47,21254.76,15379.33,146936.92,2.3,2,4,5.5,0.7236,1
43,102788.13,46756.61,14532.28,7.2,1,5,5.0,0.4549,0
18,45730.72,28548.34,8053.66,3.9,2,2,9.9,0.6243,0
35,38741.09,24622.01,15335.66,7.7,1,2,8.0,0.6356,0
18,31259.04,6413.87,16272.66,3.3,1,8,6.0,0.2052,0
56,43273.22,18319.27,8781.22,8.6,3,2,5.6,0.4233,0
26,42965.02,33013.63,19021.02,4.8,1,3,6.9,0.7684,0
55,43273.74,3103.06,4897.5,4.7,0,4,1.5,0.0717,0
51,38906.13,21259.86,7844.54,15.2,0,2,4.3,0.5464,0
29,61161.86,47083.09,24504.1,8.7,2,5,11.8,0.7698,0
26,36822.44,8854.39,3281.66,8.0,2,3,9.5,0.2405,0
44,20195.94,13918.2,27516.31,13.0,2,4,7.7,0.6892,0
29,25148.32,18783.93,2671.55,9.9,3,3,3.9,0.7469,0
41,11076.59,6620.13,3344.06,12.9,2,3,8.5,0.5977,0
34,122527.44,22675.25,8962.61,7.3,1,1,9.2,0.1851,0
18,60940.47,16283.33,16806.0,12.4,0,5,5.6,0.2672,0
18,22069.63,632.24,38569.26,2.4,1,3,2.3,0.0286,1
42,30665.49,20397.54,13990.0,7.2,3,3,8.9,0.6652,0
33,24782.03,16844.07,10968.22,9.4,1,5,5.0,0.6797,0
33,91631.31,46380.86,21240.5,6.0,0,5,7.5,0.5062,0
48,15491.92,4369.07,6656.05,7.4,4,3,5.9,0.282,0
54,38897.51,2390.21,14936.04,13.3,2,2,2.8,0.0614,0
36,34026.1,20498.89,5117.61,13.5,2,3,2.4,0.6024,0
35,59641.28,34664.76,14272.25,9.4,1,1,10.7,0.5812,0
46,34118.48,24909.29,12041.7,16.7,0,5,7.8,0.7301,0
23,12645.73,7390.49,7020.47,3.8,1,4,13.9,0.5844,0
42,31236.09,20708.15,15245.39,6.7,3,4,13.3,0.663,0
46,20266.06,12094.05,15166.43,6.9,0,7,3.7,0.5968,0
48,38091.55,19219.08,34213.08,15.8,0,1,4.7,0.5045,0
18,85862.82,29328.43,3697.8,10.6,1,3,6.9,0.3416,0
30,12789.05,9229.78,12571.16,18.4,1,6,2.0,0.7217,0
29,22468.43,11700.99,7272.03,2.5,0,2,5.0,0.5208,0
41,26065.93,8306.8,26790.69,9.6,0,4,16.9,0.3187,0
45,28883.37,1928.7,24419.31,8.1,1,4,12.8,0.0668,0
57,56617.61,13167.21,20056.41,1.0,1,1,11.4,0.2326,0
34,32724.3,14234.46,7607.83,4.7,3,4,17.7,0.435,0
34,46605.86,10276.98,27129.49,3.8,0,4,1.0,0.2205,0
53,24947.68,4415.45,3928.04,10.5,2,3,11.5,0.177,0
43,41687.42,17588.54,3333.41,15.4,3,7,11.6,0.4219,0
55,57911.92,7867.7,4814.09,,4,6,8.4,0.1359,0
43,23403.02,14985.61,13006.7,3.7,2,3,2.9,0.6403,0
26,58035.77,22488.54,22928.4,3.2,1,1,22.1,0.3875,0
24,37474.79,17204.31,1235.43,19.0,0,7,13.1,0.4591,0
21,68000.89,8017.75,38491.56,5.1,4,5,16.9,0.1179,0
47,32181.53,8356.29,14837.15,0.5,2,6,10.8,0.2597,0
54,45649.45,14976.29,3811.52,5.5,1,5,4.3,0.3281,0
62,35441.41,22915.36,14483.39,2.5,3,4,3.6,0.6466,0
50,34278.47,21119.91,32016.94,8.3,1,5,14.0,0.6161,0
53,42419.28,7566.84,21580.66,7.8,2,12,4.6,0.1784,0
33,50115.44,24704.07,32185.09,6.3,1,1,8.1,0.4929,0
26,17158.71,3341.92,4478.32,2.8,0,1,5.6,0.1948,0
50,85834.83,67860.82,9593.07,7.6,0,5,10.7,0.7906,0
45,11898.91,9063.39,6375.68,6.9,0,0,7.3,0.7617,0
41,24079.42,10850.47,52789.32,7.4,4,5,21.9,0.4506,1
44,34318.46,19188.21,22281.02,5.8,3,4,23.2,0.5591,0
43,46509.58,29819.35,130301.68,11.9,1,3,9.7,0.6411,1
55,93498.77,53929.97,9190.38,13.8,1,4,3.9,0.5768,0
55,11908.71,6667.25,7482.04,3.2,2,2,4.4,0.5599,0
46,26779.27,20535.5,11917.21,11.4,2,3,4.8,0.7668,0
50,10136.52,4836.79,40242.78,14.2,1,3,3.7,0.4772,0
46,37011.1,18840.21,9967.69,24.3,1,3,8.5,0.509,0
34,42745.11,29041.67,14758.14,8.7,1,5,3.3,0.6794,0
49,94322.73,50548.75,14434.16,5.9,1,3,7.0,0.5359,0
23,39041.52,22891.84,13788.6,12.6,2,0,8.0,0.5863,0
52,67942.37,12727.98,7927.41,6.0,0,6,6.8,0.1873,0
25,51549.73,15310.97,11970.1,14.7,5,2,24.5,0.297,0
43,27968.97,3295.89,11567.07,7.3,2,3,8.1,0.1178,0
29,15593.72,6309.41,13279.12,4.8,2,8,7.1,0.4046,0
46,42830.31,15615.16,28419.01,8.4,1,2,13.7,0.3646,0
39,14834.91,11834.26,54638.96,6.7,0,3,8.9,0.7977,0
20,78993.77,38625.34,6820.26,6.4,0,4,14.6,0.489,0
45,32950.53,20731.02,9763.49,1.8,2,2,6.0,0.6292,0
33,74392.21,19878.47,6904.93,14.1,0,2,10.8,0.2672,0
50,27224.47,18110.7,15516.84,14.0,0,5,9.1,0.6652,0
40,42672.52,20997.78,8684.72,10.3,1,2,6.1,0.4921,0
44,41175.94,22959.45,16184.96,10.9,1,6,4.7,0.5576,1
28,35347.17,8325.84,32302.55,4.2,1,4,9.9,0.2355,0
32,28012.45,12294.96,1771.06,1.1,2,4,20.4,0.4389,0
34,45957.56,23311.03,19799.74,8.9,1,4,18.9,0.5072,0
50,20833.18,9818.17,9245.11,7.2,0,5,13.8,0.4713,0
60,17576.86,12868.99,19309.22,8.8,0,2,12.7,0.7322,0
30,76549.75,55010.04,6521.27,0.8,3,4,8.0,0.7186,0
52,56179.14,43639.24,34787.34,11.7,0,2,4.2,0.7768,0
18,37779.99,20172.34,27739.83,4.2,4,4,2.5,0.5339,0
25,98625.53,76684.44,21050.54,3.6,2,1,10.0,0.7775,0
28,30925.63,20595.93,25199.53,20.1,1,3,19.7,0.666,0
23,80307.79,17399.94,7357.71,17.4,0,2,8.7,0.2167,0
20,40349.91,13797.59,8138.01,1.7,1,6,14.2,0.3419,0
44,19636.58,3744.97,24390.5,4.9,2,6,9.3,0.1907,0
37,110064.75,369.57,7228.72,6.4,0,9,8.1,0.0034,0
44,65803.38,9899.39,42468.08,16.2,0,6,5.2,0.1504,0
48,33772.0,109.71,10312.66,12.2,0,4,5.3,0.0032,0
43,56179.25,32351.99,19960.6,2.9,5,3,,0.5759,1
47,28503.38,9703.33,71639.34,8.3,2,9,6.3,0.3404,1
39,59724.01,14934.57,7593.3,6.4,1,5,13.0,0.2501,0
25,8650.33,5271.31,14115.23,6.6,2,7,13.9,0.6094,0
52,19694.98,13116.65,31049.77,5.2,3,3,10.6,0.666,1
32,65352.82,50990.86,28595.99,6.5,4,4,20.7,0.7802,0
28,31263.5,16057.27,10277.86,11.4,0,6,15.0,0.5136,0
37,41131.33,15186.64,8836.23,7.0,1,1,8.5,0.3692,0
29,16186.43,3952.91,11086.59,7.4,0,5,,0.2442,0
34,110053.31,19573.48,42543.66,12.2,1,7,10.2,0.1779,0
44,74185.04,12636.74,10686.27,10.0,1,3,17.3,0.1703,0
44,32195.72,10539.32,14221.25,12.3,2,1,3.9,0.3274,0
29,28486.41,22601.95,9495.48,4.3,1,8,15.9,0.7934,0
34,67357.03,46.0,23492.56,7.9,2,7,4.7,0.0007,0
52,119310.22,18822.94,15129.78,7.7,2,1,6.3,0.1578,0
45,,9700.06,5986.44,7.0,2,3,13.5,0.1507,0
64,133663.62,76682.23,6154.51,6.2,3,8,13.8,0.5737,0
54,20880.88,5888.15,2700.29,17.0,2,5,7.5,0.282,0
53,22211.55,8125.18,6870.16,5.8,0,3,9.2,0.3658,0
23,17794.33,2115.73,25214.05,14.7,0,1,19.7,0.1189,0
49,47337.42,15337.21,38522.91,21.7,0,6,19.3,0.324,0
39,40350.62,3331.34,23119.85,,0,4,8.2,0.0826,0
33,33151.04,14136.75,20820.76,2.8,2,5,7.4,0.4264,0
42,59015.49,4623.9,12073.63,1.5,2,7,5.9,0.0784,0
51,76069.08,48106.6,24833.07,14.5,1,5,3.2,0.6324,0
46,14539.18,6590.34,16798.13,14.8,2,5,8.0,0.4533,0
29,25382.54,14700.91,56588.39,3.8,0,4,8.2,0.5792,1
48,59402.18,19888.63,12347.93,12.4,4,2,6.4,0.3348,0
32,27429.02,8371.15,39120.68,4.7,1,2,7.2,0.3052,1
42,22495.63,1767.42,26884.13,8.1,2,4,3.2,0.0786,0
36,66911.25,28041.47,24061.17,14.0,1,3,8.4,0.4191,0
37,16752.45,6895.34,2672.6,10.0,2,4,4.8,0.4116,0
49,30304.52,11348.49,28095.13,4.3,2,4,11.2,0.3745,1
27,44231.23,26203.23,12064.15,8.4,1,2,7.2,0.5924,0
63,25737.6,17141.33,9366.16,6.2,3,4,11.9,0.666,0
18,58098.4,34895.74,4079.25,12.3,1,9,27.7,0.6006,0
32,25814.04,2971.0,13300.15,9.9,1,3,3.4,0.1151,0
44,84556.2,42079.19,13723.17,9.8,2,5,3.8,0.4976,0
47,33676.39,2163.99,4710.73,4.2,0,4,14.2,0.0643,0
38,54326.21,30188.96,4110.81,4.1,1,8,9.6,0.5557,0
39,56818.34,17356.37,19718.17,8.8,0,3,11.3,0.3055,0
44,24921.25,2641.63,26832.37,13.3,2,5,1.9,0.106,0
37,10592.57,7305.07,15556.38,19.0,2,3,4.7,0.6896,0
56,45091.7,22149.34,33545.83,2.1,4,1,12.3,0.4912,1
50,37925.27,10762.43,12467.64,8.1,4,0,11.7,0.2838,0
50,50690.59,1246.06,12791.28,14.0,1,8,2.3,0.0246,1
28,31700.37,13626.35,6414.89,11.7,3,2,9.8,0.4298,0
39,28049.99,20717.18,3834.55,9.6,1,2,5.1,0.7386,0
36,121186.24,57818.42,58907.85,13.9,1,3,5.7,0.4771,1
27,15011.74,11668.93,33025.63,3.9,2,9,6.6,0.7773,1
44,56408.23,6157.57,4385.2,11.9,2,2,3.3,0.1092,0
33,25725.52,11695.96,15132.52,14.4,4,2,6.7,0.4546,0
47,29689.03,18956.45,12332.13,3.4,1,3,14.0,0.6385,0
27,30023.58,12622.89,10730.08,9.9,2,2,,0.4204,0
60,22425.17,1633.74,9631.42,12.4,0,4,7.7,0.0729,0
29,51161.09,23856.87,18124.42,13.1,1,2,10.4,0.4663,0
42,83649.12,40937.07,25707.56,1.9,2,2,9.9,0.4894,0
49,48146.72,28067.97,18433.28,5.3,0,5,5.7,0.583,0
33,38639.46,23530.24,12131.8,0.9,3,6,7.3,0.609,0
50,20093.18,12389.82,11780.71,16.9,2,5,8.9,0.6166,0
25,49518.18,26282.05,28267.03,6.4,0,2,6.6,0.5308,0
57,132430.04,22863.91,19355.97,3.9,1,4,7.8,0.1726,0
40,28899.61,9345.8,14159.65,3.6,3,5,25.1,0.3234,0
32,28981.41,17994.67,12981.48,5.4,2,7,13.7,0.6209,0
36,25934.94,19781.66,17609.9,14.5,2,6,18.6,0.7627,0
49,27074.6,1709.97,9184.95,4.3,2,5,9.2,0.0632,0
32,6994.09,2996.47,25776.82,18.3,2,7,10.1,0.4284,0
31,46305.74,11577.26,5649.45,2.8,2,4,5.4,0.25,0
37,21865.57,3942.69,9612.65,25.2,1,3,15.5,0.1803,0
25,13819.59,5592.08,21782.99,5.5,0,3,2.1,0.4046,0
61,57063.16,27668.3,5397.51,18.5,3,6,23.1,0.4849,0
33,18973.33,148.33,3795.58,17.0,1,5,10.4,0.0078,0
49,29637.58,18498.75,14051.19,16.9,0,6,5.6,0.6242,0
42,87541.25,57418.81,3438.65,7.6,2,2,12.3,0.6559,0
28,15591.33,12042.88,4726.58,3.2,2,3,4.3,0.7724,0
39,14478.8,2092.4,24471.77,9.2,2,6,8.1,0.1445,0
49,42684.18,20302.39,11340.91,4.6,1,3,5.6,0.4756,0
37,72380.52,24703.49,37361.26,17.0,4,3,6.4,0.3413,0
54,14120.67,3782.39,5095.68,8.9,2,1,8.2,0.2679,0
52,46379.55,20987.06,12392.39,8.1,2,3,15.7,0.4525,0
51,51462.04,32210.42,18391.94,4.8,2,0,8.0,0.6259,0
34,10556.57,194.69,5237.44,6.0,2,4,3.5,0.0184,0
27,58635.81,45473.25,30497.79,11.2,1,2,5.3,0.7755,0
32,61449.04,39813.16,20101.37,10.1,2,4,5.0,0.6479,0
42,30119.52,18099.51,3687.01,12.4,2,2,23.6,0.6009,0
46,76988.23,46832.7,12962.38,13.0,1,3,5.0,0.6083,0
18,71816.77,22352.87,18192.51,13.7,1,5,9.4,0.3112,1
39,38633.33,23230.08,8332.8,3.5,2,8,7.9,0.6013,0
41,27698.48,8570.36,4089.21,10.4,0,3,6.4,0.3094,0
36,20257.96,14564.77,16693.37,9.9,2,5,4.5,0.719,0
55,35506.17,5033.99,78354.16,2.8,1,2,3.8,0.1418,1
45,51116.13,11954.94,9802.7,10.7,0,5,11.4,0.2339,0
55,29896.42,13186.41,46882.18,16.8,1,3,14.8,0.4411,0
37,9715.71,2481.09,7318.56,10.9,2,5,3.6,0.2554,0
51,77748.02,26386.88,15873.98,3.0,2,3,8.4,0.3394,0
59,40706.13,16035.7,24765.78,4.6,1,10,7.5,0.3939,0
55,28918.17,19811.34,13270.11,9.5,2,7,3.3,0.6851,0
26,60736.19,25421.36,10528.19,4.1,2,3,5.4,0.4186,0
36,90651.99,26286.17,23882.52,11.4,1,2,12.9,0.29,0
35,6760.51,1339.86,60667.54,8.2,2,7,20.2,0.1982,1
45,47124.97,15407.07,16991.52,13.5,0,3,21.3,0.3269,0
48,15429.1,6365.88,8840.97,6.7,1,1,7.1,0.4126,0
29,48994.65,29244.51,11478.13,9.7,1,6,9.7,0.5969,0
40,39212.71,3797.32,100284.47,5.1,2,2,7.4,0.0968,1
18,53179.91,9428.13,14882.27,22.6,2,3,14.1,0.1773,0
57,26915.33,8174.81,8303.8,8.0,2,4,12.1,0.3037,0
33,11802.37,3402.84,5345.15,3.4,2,7,12.5,0.2883,0
40,27716.39,8686.27,3100.38,14.7,1,3,4.8,0.3134,0
36,46356.12,29427.65,17869.8,6.6,2,3,7.0,0.6348,0
53,66785.11,17318.95,22555.03,14.2,3,2,13.1,0.2593,0
18,17977.95,7218.48,9726.83,6.6,2,4,20.4,0.4015,0
39,67254.3,33568.34,13200.68,1.6,2,5,,0.4991,0
38,24619.07,4572.82,5237.66,4.1,3,4,4.1,0.1857,0
34,45137.56,25952.12,14858.73,7.9,1,4,2.7,0.575,0
60,26743.95,11705.53,19637.5,3.2,1,4,13.8,0.4377,0
29,40509.93,14479.26,8706.88,6.5,0,4,4.9,0.3574,0
49,62014.69,40174.8,51656.03,13.2,1,8,24.3,0.6478,0
44,17392.45,3387.98,6838.44,10.6,3,5,13.5,0.1948,0
55,24150.41,17063.25,16760.52,8.7,1,3,11.2,0.7065,0
31,40577.85,18212.92,26334.99,6.6,0,6,6.8,0.4488,0
31,153422.4,74768.86,12558.69,17.5,0,10,10.5,0.4873,0
53,21635.4,15145.8,11489.84,8.9,0,4,4.9,0.7,0
45,123510.36,80783.95,4259.5,5.1,2,4,9.1,0.6541,0
21,120892.14,58179.3,39571.85,12.9,3,3,14.8,0.4812,0
33,34255.87,20640.88,11661.94,11.1,0,7,6.7,0.6026,0
44,30366.9,10526.86,20535.13,4.6,0,1,7.9,0.3467,0
50,23974.86,10498.64,22883.61,15.6,1,0,2.2,0.4379,0
31,34859.41,1730.98,8081.73,9.0,1,5,8.4,0.0497,0
18,15614.7,1122.48,11406.94,9.8,1,2,9.8,0.0719,0
46,34691.73,23019.36,38854.76,16.2,1,4,12.8,0.6635,0
25,89154.68,4256.01,5465.67,3.0,4,4,18.6,0.0477,0
18,25168.51,3410.82,73301.36,4.8,1,3,6.9,0.1355,1
18,31431.49,20011.37,7362.11,16.4,4,5,3.4,0.6367,0
49,13086.23,12.0,5199.86,4.6,1,6,7.4,0.0009,1
41,45453.14,10268.93,14851.37,8.2,1,4,13.1,0.2259,0
37,42560.8,19885.72,78172.92,17.7,2,5,0.8,0.4672,0
56,37730.4,17973.25,2896.41,3.8,2,6,4.1,0.4764,0
47,31885.41,19823.87,11934.49,1.7,3,3,4.7,0.6217,0
59,30465.35,12330.58,19555.5,3.5,1,2,5.0,0.4047,0
23,49076.72,19999.82,13724.25,8.1,1,2,5.6,0.4075,0
39,35693.01,20710.81,18133.88,7.0,2,3,,0.5802,0
20,43869.87,17499.67,7521.9,6.5,2,2,10.7,0.3989,0
37,41315.36,20112.02,8268.62,6.1,5,7,12.7,0.4868,0
37,71257.57,51178.56,11863.98,4.5,2,3,19.7,0.7182,0
47,54513.11,17507.47,5410.46,6.3,0,2,11.1,0.3212,0
40,40770.62,12561.43,12890.56,10.3,2,6,2.9,0.3081,0
47,90314.49,256.42,9788.89,12.3,3,2,7.3,0.0028,0
48,46730.91,22932.77,9172.49,10.9,0,5,12.2,0.4907,0
65,79457.5,1892.48,17264.46,6.2,0,2,7.1,0.0238,0
36,,21081.22,3113.41,7.1,3,3,3.7,0.4033,0
28,12026.27,7737.55,11122.53,13.2,1,2,15.1,0.6434,0
42,79451.41,34953.6,85296.01,13.1,0,4,9.6,0.4399,1
30,39383.64,8495.4,5603.31,21.4,1,2,,0.2157,1
57,35200.91,22139.08,37361.66,6.5,1,3,11.0,0.6289,0
36,42993.71,9276.91,13956.84,3.3,0,3,11.3,0.2158,0
33,29525.52,17314.52,8247.24,8.5,1,3,7.8,0.5864,0
34,41615.06,20316.75,4644.72,11.3,0,3,6.5,0.4882,0
48,25460.27,3462.52,14939.22,13.7,1,6,4.6,0.136,0
38,78007.74,56485.96,42732.61,5.7,3,5,10.6,0.7241,1
32,33922.95,5445.14,9785.25,9.3,2,0,5.2,0.1605,0
59,28866.87,22853.03,12521.86,12.0,2,4,3.8,0.7917,0
29,20848.65,121.93,29980.33,8.0,1,4,3.1,0.0058,0
40,42670.6,8994.4,17548.02,7.0,1,6,11.5,0.2108,0
47,40630.09,6496.27,3797.81,10.4,1,13,3.3,0.1599,0
20,45846.53,513.24,14459.54,1.6,2,2,12.0,0.0112,0
45,19607.14,11487.71,44792.14,6.7,1,3,13.1,0.5859,0
27,,7708.18,12970.68,23.4,2,5,10.8,0.5547,0
49,52857.49,33505.35,1490.41,10.0,1,3,2.9,0.6339,0
28,88502.41,18174.75,18225.41,23.7,1,3,12.4,0.2054,0
48,19617.71,6973.47,11398.47,8.9,2,4,8.6,0.3555,0
53,94246.1,49695.1,3092.47,15.6,0,1,5.6,0.5273,0
50,43059.86,15149.1,3486.43,6.1,1,8,4.8,0.3518,0
43,36161.93,20173.32,29146.37,6.7,2,8,7.4,0.5579,0
37,28608.83,14509.79,7436.04,5.3,3,5,12.3,0.5072,0
33,15824.1,1451.36,6464.0,14.9,1,4,8.9,0.0917,0
57,65685.74,41042.72,12984.21,4.4,2,6,11.8,0.6248,0
31,22802.74,13146.72,7979.55,2.2,0,1,6.2,0.5765,0
27,22745.35,11933.75,14472.98,13.9,2,4,7.0,0.5247,0
47,65851.39,8170.5,11359.66,4.1,1,1,4.8,0.1241,0
30,11733.58,2515.65,5115.36,12.8,3,4,6.0,0.2144,0
28,14557.2,4578.85,8875.43,6.9,2,2,13.3,0.3145,0
22,35922.51,8044.62,19038.2,30.6,0,2,6.2,0.2239,0
34,43302.72,7891.84,13815.33,21.4,2,4,7.3,0.1822,1
39,48573.86,31295.46,12512.03,35.2,1,2,9.3,0.6443,0
42,30300.54,15471.03,62938.13,3.8,5,7,7.2,0.5106,1
51,165747.66,74980.55,23976.51,8.0,0,4,19.3,0.4524,0
46,31674.41,5725.54,26422.02,2.1,1,4,6.1,0.1808,0
37,31619.47,23223.28,11698.61,10.7,3,5,5.1,0.7345,0
37,22512.09,3443.14,15932.5,4.1,3,1,9.0,0.1529,0
46,39118.24,24877.67,9462.77,8.3,2,2,13.1,0.636,0
55,52521.44,40616.83,24885.48,1.3,1,4,6.9,0.7733,0
41,74768.12,43490.69,12230.4,1.4,0,8,7.8,0.5817,0
34,14860.02,11803.12,15960.98,4.6,0,7,2.1,0.7943,0
28,31332.24,16319.11,15191.47,5.0,0,5,4.4,0.5208,0
22,47478.02,8259.67,13166.97,17.5,1,4,12.5,0.174,0
47,51649.43,8421.73,140161.48,6.3,1,0,3.1,0.1631,1
46,36458.47,9466.49,7837.73,11.4,4,6,1.8,0.2597,0
46,50284.61,286.82,7780.93,2.0,2,3,9.8,0.0057,0
38,22350.9,12189.26,23278.31,9.8,1,7,3.1,0.5454,0
56,92479.59,19877.03,8298.79,9.4,3,3,14.0,0.2149,0
34,65879.12,42962.84,10581.63,12.4,2,2,13.4,0.6521,0
51,16204.48,4656.16,5601.96,9.1,1,3,7.5,0.2873,0
39,19052.21,7315.39,19796.22,22.6,0,2,5.3,0.384,0
32,19377.09,14969.79,19998.36,6.5,0,3,13.6,0.7726,0
47,54545.04,10567.43,10382.18,4.3,2,5,7.1,0.1937,0
44,16800.49,9693.94,23667.39,12.8,0,5,17.5,0.577,0
44,29773.84,17986.2,3021.47,9.9,1,7,2.6,0.6041,0
40,47706.49,8434.44,7589.47,4.4,3,5,4.7,0.1768,0
39,34902.04,13988.65,11661.13,11.5,2,5,3.6,0.4008,0
68,42418.19,11883.95,5230.04,15.1,1,4,2.2,0.2802,0
54,19158.82,11831.05,3297.86,10.1,1,2,9.6,0.6175,0
48,51891.62,25841.33,10442.96,9.1,5,9,11.2,0.498,0
41,25136.41,9571.6,23276.88,2.9,1,6,21.6,0.3808,0
52,29888.47,18635.18,37260.41,6.4,2,5,6.0,0.6235,0
46,41883.16,7879.25,8622.84,4.2,2,4,6.2,0.1881,0
40,38632.41,23291.38,24018.33,11.7,2,7,9.9,0.6029,0
36,36841.79,25505.55,22230.79,3.0,3,4,7.9,0.6923,0
39,23147.08,16270.02,35414.85,3.2,0,5,5.4,0.7029,0
18,30341.46,19022.24,10095.52,4.0,2,3,14.7,0.6269,0
42,36363.11,11869.33,3169.09,4.9,4,3,6.9,0.3264,1
34,15913.91,12499.52,14131.32,3.6,1,3,2.0,0.7854,0
59,27514.82,8355.56,5937.03,6.2,3,3,1.7,0.3037,0
40,45826.05,23412.54,7489.04,6.6,1,4,,0.5109,0
25,16874.15,2174.39,10498.89,14.0,0,3,12.2,0.1289,0
39,72689.26,57014.48,10186.9,4.3,0,7,12.7,0.7844,0
27,77789.98,43810.44,14961.68,5.0,2,2,14.3,0.5632,0
45,17204.21,10369.01,23447.64,11.2,2,6,9.1,0.6027,0
43,82007.98,4315.37,9954.81,12.6,2,3,7.8,0.0526,0
51,33317.93,20348.4,18334.83,8.7,0,7,19.9,0.6107,0
30,46681.76,28932.36,13519.02,11.2,3,5,9.1,0.6198,0
40,26957.3,14487.34,28237.2,2.1,5,5,10.8,0.5374,1
23,63185.3,14755.52,11488.78,13.2,0,5,15.0,0.2335,0
48,46335.16,18151.89,12542.26,7.8,4,3,3.6,0.3918,0
46,22281.41,1968.51,9901.88,11.4,2,7,9.3,0.0883,0
45,18049.6,6809.57,11733.48,9.2,1,3,5.8,0.3773,0
40,15120.68,2949.43,7138.15,6.1,4,3,6.0,0.1951,0
44,40650.45,11352.76,6594.04,,3,4,2.1,0.2793,0
59,51199.39,6660.03,24849.98,,3,4,8.2,0.1301,0
36,53668.39,9877.32,5616.36,25.0,3,5,4.9,0.184,0
41,33833.66,2072.48,10349.62,2.7,2,9,4.3,0.0613,0
26,18138.68,13348.64,30099.81,13.0,3,2,5.2,0.7359,0
29,24119.0,10234.38,10075.27,9.7,2,2,5.9,0.4243,0
41,72504.88,23012.58,25925.76,8.0,0,2,12.9,0.3174,0
53,27152.46,11621.89,8326.21,4.8,0,5,11.0,0.428,0
36,,19893.71,5762.17,10.0,1,3,15.1,0.5026,0
37,19045.95,14046.45,3729.91,7.8,0,3,4.9,0.7375,1
35,44442.43,6353.24,38184.28,2.4,2,4,13.8,0.143,0
33,27594.98,6524.61,5380.32,11.6,1,4,10.9,0.2364,0
43,68052.02,53123.55,24288.28,10.2,0,3,8.4,0.7806,0
22,57764.79,17153.51,6003.17,4.3,0,3,4.3,0.297,1
55,26972.59,486.84,38326.89,14.4,4,1,12.4,0.018,0
32,33657.85,3975.49,78075.08,13.9,2,4,7.8,0.1181,1
48,26090.6,549.75,3466.07,3.5,2,4,14.1,0.0211,0
24,15496.04,12271.91,5609.38,10.2,1,6,3.9,0.7919,0
48,21710.14,4843.46,24797.68,12.5,1,5,15.4,0.2231,0
48,40901.84,30219.68,20139.42,2.9,1,3,13.6,0.7388,0
44,44141.5,35167.93,24872.98,1.7,0,1,11.4,0.7967,0
28,39700.88,19051.38,8442.18,6.8,0,5,15.8,0.4799,0
42,30301.73,804.72,65514.54,5.6,1,5,14.3,0.0266,1
25,63566.38,4149.19,14682.91,7.7,1,4,13.8,0.0653,0
36,37726.77,14535.04,5046.4,19.5,0,3,5.1,0.3853,0
52,55378.81,17994.66,10910.5,12.7,3,4,7.2,0.3249,0
49,12528.17,6075.43,5100.77,5.0,1,4,9.2,0.4849,0
40,3451.48,1211.74,47703.17,8.9,0,4,8.4,0.3511,0
28,43056.69,32174.61,7877.26,8.3,4,3,,0.7473,0
47,15446.54,6607.9,19810.88,13.7,1,7,8.8,0.4278,0
40,31969.22,17742.3,9167.88,13.0,1,5,14.0,0.555,0
18,30295.12,21727.3,8165.64,7.6,1,6,6.0,0.7172,0
49,94130.78,11060.13,2898.06,11.4,1,0,6.5,0.1175,0
39,46165.96,8484.74,21558.81,15.1,4,3,4.0,0.1838,0
54,40115.39,3444.1,37772.82,11.8,0,6,15.3,0.0859,0
26,60005.69,6703.28,6420.34,4.9,2,9,9.6,0.1117,1
18,45301.64,18576.72,3880.88,5.0,2,3,10.4,0.4101,0
43,27595.11,7090.38,25403.77,2.5,2,1,11.3,0.2569,0
43,69070.68,23383.07,3579.6,4.8,1,3,14.4,0.3385,0
19,18660.23,14666.79,35441.06,5.2,3,8,2.2,0.786,0
28,44088.24,5527.06,6480.05,1.3,3,3,26.4,0.1254,0
73,14349.32,6208.23,5526.81,3.7,2,3,6.2,0.4326,0
36,41042.62,3246.34,16297.55,3.2,1,3,8.8,0.0791,0
48,40773.75,10389.03,5822.52,6.0,3,6,24.5,0.2548,0
32,99297.23,41905.49,7587.91,8.5,2,5,3.9,0.422,0
18,14200.26,10753.93,17733.05,,2,3,10.3,0.7573,0
37,25322.98,7925.65,1913.54,,3,4,11.6,0.313,0
36,59492.73,3089.18,49708.71,3.7,0,3,11.0,0.0519,1
35,44408.69,13790.19,13834.38,1.1,1,5,8.9,0.3105,0
38,40464.61,4717.89,4748.7,7.4,0,4,6.0,0.1166,0
43,20461.87,3764.81,5920.66,12.3,3,7,17.7,0.184,0
38,25476.43,12597.39,29534.58,5.8,2,1,8.2,0.4945,0
24,76651.51,4134.51,21608.51,6.3,0,4,4.0,0.0539,0
45,35210.32,13090.46,40514.88,21.3,2,5,2.4,0.3718,0
18,45488.55,22178.82,7737.28,12.9,0,3,10.5,0.4876,0
18,33890.4,11437.56,16937.19,9.0,2,3,8.0,0.3375,0
48,17856.96,273.23,18793.27,7.7,2,2,11.5,0.0153,0
46,63594.75,50139.09,23300.12,1.6,1,6,4.3,0.7884,0
39,49115.97,14425.0,32919.65,15.9,1,5,8.4,0.2937,0
23,144839.59,90215.04,7526.53,7.8,1,6,7.5,0.6229,0
31,19744.91,5143.89,12193.57,2.9,1,3,15.4,0.2605,0
36,59488.82,22606.55,8199.92,11.1,0,6,5.6,0.38,0
20,16532.34,5137.77,12809.09,13.1,1,3,2.4,0.3108,0
31,39911.03,10936.87,23359.2,6.1,1,4,20.3,0.274,0
47,65244.95,1140.55,3557.35,5.3,1,5,0.8,0.0175,0
57,10474.71,3016.89,32451.35,7.0,1,5,9.4,0.288,0
34,32113.78,22851.91,5370.38,4.6,1,3,11.9,0.7116,0
49,25901.97,14306.04,10447.35,3.6,0,9,9.7,0.5523,0
18,23832.98,2772.69,36139.93,7.5,0,6,4.3,0.1163,0
47,45758.26,21640.18,17368.4,12.8,1,4,6.4,0.4729,0
30,71140.45,50778.96,17529.21,20.2,0,3,7.5,0.7138,0
43,33524.53,18774.65,5195.25,7.8,0,6,8.1,0.56,0
37,41080.62,4886.44,5794.89,18.2,0,2,4.1,0.1189,0
55,38893.61,27002.51,28367.66,3.5,0,6,12.0,0.6943,0
29,36354.82,8770.06,8338.89,12.5,1,1,8.2,0.2412,0
47,18890.12,6862.04,8991.82,6.1,1,6,20.7,0.3633,0
36,70619.87,29724.91,28887.41,24.6,2,4,6.3,0.4209,0
38,43352.39,29497.2,5767.93,5.0,0,3,1.6,0.6804,0
37,46024.49,34301.41,16570.65,9.0,0,5,5.3,0.7453,0
29,22383.83,16647.35,13826.27,2.3,3,3,1.5,0.7437,0
39,27569.57,175.43,13331.05,5.7,0,2,15.8,0.0064,0
39,32673.5,24097.06,8824.18,,3,3,8.2,0.7375,0
42,14465.55,629.39,8401.08,12.2,2,4,7.3,0.0435,0
41,13189.54,2804.35,5638.14,9.0,4,2,15.7,0.2126,0
49,25325.1,10433.7,19655.88,12.5,1,4,8.4,0.412,0
51,49687.69,19077.12,7828.14,7.3,3,4,11.6,0.3839,0
27,24541.42,11872.35,28998.39,19.2,1,4,11.1,0.4838,0
50,19706.76,7558.67,11162.95,,1,6,12.0,0.3836,0
25,22274.3,16650.05,5728.68,8.9,1,3,20.5,0.7475,0
47,27633.79,5317.82,11045.17,2.5,3,3,7.6,0.1924,0
47,29368.7,6438.2,9617.26,3.8,0,4,20.4,0.2192,0
18,133160.82,98084.97,29949.94,5.4,2,0,2.3,0.7366,0
41,68375.67,4197.69,9944.75,6.2,3,2,9.9,0.0614,0
34,67162.11,32751.51,10711.06,7.4,1,8,9.3,0.4876,0
30,73214.46,39930.34,41325.6,7.4,0,5,9.2,0.5454,0
56,19944.48,8066.21,20062.62,5.2,3,4,9.0,0.4044,0
32,17441.04,9686.5,50522.03,7.9,1,8,12.2,0.5554,1
30,18692.5,2583.37,36579.23,3.1,3,5,6.1,0.1382,0
40,80878.53,55167.71,6570.01,13.0,4,3,5.1,0.6821,0
48,26152.1,2929.57,29494.55,11.3,2,3,6.3,0.112,1
38,17140.28,5496.03,45262.88,19.1,3,3,13.2,0.3206,0
53,28040.42,1688.2,45535.64,10.2,1,1,4.9,0.0602,0
46,31471.47,13726.88,29450.81,10.9,0,4,13.6,0.4362,0
18,42661.32,22857.79,28970.07,10.8,1,2,12.4,0.5358,0
33,42216.68,31788.2,10486.78,4.3,2,1,3.9,0.753,0
33,22094.67,13068.31,6836.93,8.8,0,3,15.1,0.5915,0
45,54797.17,23720.73,10079.17,5.9,0,5,9.6,0.4329,0
18,24747.6,18464.03,3526.88,9.4,3,2,20.6,0.7461,0
70,33065.12,12655.66,39114.02,10.3,0,8,2.9,0.3827,0
46,54833.93,24618.49,10650.54,12.1,2,2,12.0,0.449,0
41,24708.61,11783.01,37536.33,10.8,1,4,11.8,0.4769,0
54,25806.69,8464.18,4988.05,10.9,0,6,17.7,0.328,0
68,51792.51,34741.7,31764.35,6.1,0,5,7.9,0.6708,0
50,21706.35,3215.59,8992.04,30.6,2,5,15.0,0.1481,0
51,28828.64,12796.28,4781.48,10.5,5,3,25.2,0.4439,0
41,50688.04,29286.87,49103.93,8.1,2,3,5.2,0.5778,0
38,124549.12,90071.55,32397.91,15.2,2,7,6.0,0.7232,0
34,52221.14,36927.38,15826.39,6.5,2,5,6.5,0.7071,0
30,48222.64,19626.24,13727.42,2.6,2,3,7.6,0.407,0
31,49935.18,25693.11,18988.86,4.9,3,3,4.5,0.5145,0
23,19074.08,6015.78,15610.56,3.6,1,1,,0.3154,0
39,38923.68,14578.56,7088.15,9.6,5,3,9.0,0.3745,0
19,,25863.14,9608.07,12.9,1,6,16.4,0.725,0
42,44044.28,32793.75,64124.02,3.3,1,0,9.5,0.7446,1
39,38944.97,27897.5,113292.18,11.2,0,6,3.9,0.7163,1
41,45607.15,5048.56,46636.31,10.7,0,4,18.4,0.1107,0
33,30125.27,20487.21,19586.17,18.5,0,4,13.2,0.6801,0
76,37615.27,28538.37,10196.51,14.3,5,4,15.3,0.7587,0
56,17383.95,5023.96,7054.71,4.9,1,14,7.7,0.289,0
25,29973.1,12436.35,7436.64,6.2,0,1,9.7,0.4149,0
42,83658.65,52142.45,8581.69,6.5,1,6,14.7,0.6233,0
32,43970.97,19772.1,74677.28,17.0,1,6,9.3,0.4497,1
27,35862.5,28503.04,56671.45,19.2,1,4,12.2,0.7948,0
23,113286.35,41300.88,24270.64,10.5,0,3,4.0,0.3646,0
45,16050.56,9167.34,6195.07,2.8,1,8,4.5,0.5712,0
31,18663.53,11834.04,27294.62,7.1,0,6,15.4,0.6341,0
51,101481.0,40113.44,11038.08,,2,2,21.9,0.3953,0
51,37330.9,25593.58,2386.52,8.3,2,2,4.3,0.6856,0
56,31396.45,13717.85,16809.18,0.7,1,4,4.5,0.4369,0
29,17685.09,5824.07,6812.19,7.8,1,1,10.2,0.3293,0
45,47506.31,4097.84,6999.24,15.7,1,3,10.2,0.0863,0
47,50346.07,15845.46,10934.45,2.3,1,2,10.8,0.3147,0
34,18831.82,11057.09,8967.32,3.0,3,4,6.1,0.5871,0
30,33384.09,24605.05,12998.57,16.7,0,3,9.4,0.737,0
59,29693.71,5978.64,12508.15,11.6,0,4,14.2,0.2013,0
42,42344.18,12033.73,2979.03,11.3,1,6,8.7,0.2842,0
47,18554.17,2285.29,45081.28,1.9,0,1,12.6,0.1232,1
30,76969.8,42531.84,6083.28,5.2,0,5,13.7,0.5526,1
25,62912.13,48326.0,6235.92,10.7,2,2,14.2,0.7682,0
33,29204.98,14975.2,10271.8,3.6,2,5,4.4,0.5128,0
38,31893.22,15744.45,12250.62,10.2,0,4,12.6,0.4937,0
27,33461.36,14816.42,42923.89,3.7,3,4,3.6,0.4428,0
39,22765.8,1611.01,16573.14,2.7,1,2,12.7,0.0708,1
19,27832.02,16242.85,21018.8,10.5,3,3,12.7,0.5836,0
26,30879.19,14872.64,16641.07,8.3,2,1,29.2,0.4816,0
48,95580.21,50579.27,16077.39,7.2,1,1,8.4,0.5292,0
47,64085.34,46080.49,17116.25,,1,2,7.7,0.719,1
35,63626.98,39904.85,2846.41,7.6,2,5,4.7,0.6272,0
27,45340.47,28325.65,10938.73,2.1,3,4,4.1,0.6247,0
27,18575.59,13778.39,33853.88,12.8,2,4,10.9,0.7417,0
35,35422.6,28052.86,312970.69,,1,4,9.9,0.7919,1
47,65009.78,30231.25,5097.74,20.3,3,3,5.7,0.465,0
51,17069.38,1486.83,18740.91,9.4,1,5,12.8,0.0871,0
34,53206.29,19542.88,8460.49,2.7,0,8,7.0,0.3673,0
26,146322.09,92194.76,68742.4,12.6,2,6,7.3,0.6301,1
43,68671.53,1523.15,4523.19,8.6,2,3,12.3,0.0222,0
30,84831.1,3860.66,22025.4,9.0,3,5,2.8,0.0455,0
33,41398.64,2224.19,4333.93,4.3,2,4,14.6,0.0537,0
55,64910.14,37961.31,10354.19,10.2,1,2,1.5,0.5848,0
49,23606.75,9464.73,12997.98,12.8,2,7,2.8,0.4009,0
41,58543.09,17277.14,31437.39,8.6,0,5,6.9,0.2951,0
24,53778.71,4543.96,5643.54,5.7,1,3,2.0,0.0845,1
42,43215.16,25315.1,22713.31,6.0,4,7,3.5,0.5858,0
52,79985.8,20541.62,13561.93,9.1,1,8,6.2,0.2568,0
35,26284.35,5579.1,16617.88,5.9,2,3,1.2,0.2123,0
56,32460.05,16939.45,28757.85,,2,3,3.1,0.5219,0
55,38456.28,17197.98,4788.41,12.5,4,5,6.8,0.4472,0
59,19579.4,5676.63,25552.13,8.0,1,2,8.9,0.2899,0
43,41612.64,21355.19,8475.0,8.7,2,6,10.6,0.5132,0
47,12947.29,2809.27,32102.81,5.0,0,1,7.6,0.217,0
56,68061.89,43278.12,17459.62,3.4,2,2,0.7,0.6359,0
45,37346.05,6851.33,11297.96,4.5,2,8,10.1,0.1835,0
33,26568.04,3376.0,8333.0,5.5,2,4,15.6,0.1271,0
34,22012.72,13778.9,25813.06,3.2,2,2,5.9,0.626,0
42,31547.59,17865.83,36635.07,5.8,1,4,12.5,0.5663,0
24,54882.83,8019.0,8723.0,,4,4,5.0,0.1461,0
38,50445.23,4691.23,5396.98,13.8,5,2,8.7,0.093,0
53,23781.83,15950.93,23280.44,11.8,3,4,12.1,0.6707,0
18,21859.18,13580.64,4193.01,11.2,0,2,5.0,0.6213,0
58,53859.78,14100.81,4701.28,3.5,2,2,8.1,0.2618,0
53,23543.18,12396.85,5709.23,10.8,2,1,9.8,0.5266,1
34,37644.64,3739.17,9581.98,,0,4,8.5,0.0993,0
46,39114.67,15866.4,4586.78,5.8,3,4,7.5,0.4056,0
40,43793.35,656.21,2832.63,3.3,0,2,5.8,0.015,0
54,60776.73,19040.23,5386.47,10.3,3,2,17.7,0.3133,0
51,17021.32,1019.14,22336.55,11.6,0,8,18.5,0.0599,0
23,11536.88,4385.37,4830.79,7.7,1,5,12.0,0.3801,0
47,25836.19,8715.72,10175.97,12.7,2,3,4.9,0.3373,0
37,107035.63,38052.03,63408.85,8.0,0,4,10.2,0.3555,0
40,122186.58,4431.1,12844.37,4.1,2,4,8.8,0.0363,0
31,108956.75,31520.43,17571.35,7.9,1,3,4.5,0.2893,0
60,32344.89,19574.71,6267.72,8.5,2,3,2.9,0.6052,0
52,12465.64,3679.0,75416.39,7.6,6,4,5.4,0.2951,1
31,8903.29,5093.91,8664.28,2.8,3,4,,0.5721,0
23,25123.96,7426.21,11131.3,18.1,0,2,12.3,0.2956,0
35,32246.21,10918.29,38316.92,23.8,3,6,11.3,0.3386,0
45,79250.99,35751.21,11551.99,6.7,0,4,34.0,0.4511,1
42,61125.43,46488.67,13881.48,7.1,0,4,13.8,0.7605,0
55,41624.45,3625.0,10664.22,8.0,5,2,10.3,0.0871,0
49,21292.14,560.64,10722.87,7.4,1,2,6.9,0.0263,0
51,20404.94,9924.26,17968.97,4.2,1,3,9.3,0.4864,0
43,42297.22,32115.33,20792.64,12.2,2,7,3.0,0.7593,0
23,55173.09,43684.87,7985.65,12.5,0,3,2.8,0.7918,0
37,45941.71,17794.67,7238.26,7.3,2,4,11.6,0.3873,0
52,19520.91,7309.9,8206.58,7.0,2,5,5.7,0.3745,0
39,53658.79,27686.38,4354.64,6.8,0,2,11.2,0.516,0
46,46889.38,20842.7,3743.05,12.0,1,7,10.2,0.4445,0
36,19102.99,9690.38,16945.1,7.9,2,3,6.5,0.5073,0
27,22683.83,15860.52,28307.35,6.6,3,2,16.3,0.6992,0
38,54890.61,32772.16,26818.21,3.4,1,6,2.3,0.597,0
43,31548.95,12540.77,1987.05,13.1,0,2,1.9,0.3975,0
32,94229.48,34817.0,10981.29,4.8,1,3,5.0,0.3695,0
37,49054.03,25100.03,5532.12,3.3,2,7,15.5,0.5117,0
28,27119.85,9886.95,14987.77,10.8,3,6,5.1,0.3646,0
53,36093.81,13218.4,9563.81,7.8,1,6,7.1,0.3662,0
36,37723.18,492.09,21451.06,24.6,3,2,5.8,0.013,0
57,23457.98,3266.55,13156.58,3.0,3,8,13.5,0.1393,0
58,21003.56,8208.42,2931.29,5.4,3,2,12.1,0.3908,0
39,55316.91,36405.32,6163.08,10.8,1,4,7.0,0.6581,0
27,60304.62,13446.82,13421.7,7.6,2,5,4.9,0.223,0
18,52170.31,21813.18,14358.37,8.6,3,6,4.6,0.4181,1
22,90146.45,24877.69,4339.26,8.6,2,5,3.9,0.276,0
23,26237.27,2199.82,3908.2,2.2,1,6,3.9,0.0838,0
56,99167.19,76025.41,13974.59,8.9,1,2,17.7,0.7666,0
41,21151.1,14461.83,4346.24,11.8,1,2,17.5,0.6837,1
44,19779.25,1242.02,3516.06,4.4,0,3,8.4,0.0628,0
18,12632.46,7274.15,9357.07,4.5,1,4,2.0,0.5758,0
25,27792.54,7728.1,9038.45,5.9,3,3,14.4,0.2781,0
50,26843.17,21363.94,6616.22,3.3,0,4,20.1,0.7959,0
43,49789.65,12045.05,7608.42,,1,4,5.4,0.2419,0
38,42038.22,8028.91,13508.42,8.1,1,4,6.8,0.191,0
46,17751.33,8064.65,7509.09,15.3,3,4,18.4,0.4543,0
59,28691.73,19168.97,14137.1,5.5,1,8,3.1,0.6681,0
37,29060.14,4475.7,9853.93,19.0,0,6,16.3,0.154,0
40,12511.59,7100.61,15277.25,5.4,1,5,27.3,0.5675,0
42,20159.52,990.34,26972.27,12.4,1,6,13.9,0.0491,1
68,22868.41,16811.66,26144.61,4.7,0,5,10.6,0.7351,0
18,85834.39,5567.21,37442.75,9.7,2,4,7.8,0.0649,0
48,40736.12,29793.79,26121.59,17.6,1,3,6.7,0.7314,0
38,54030.35,21214.79,16168.92,11.0,1,7,11.0,0.3926,0
46,14776.87,5297.11,9445.13,7.1,3,4,17.8,0.3585,0
32,74349.24,57891.71,9796.61,6.8,5,4,34.3,0.7786,0
39,79273.66,62809.1,6619.52,9.8,1,3,4.1,0.7923,0
48,10948.89,5694.98,13408.22,11.6,3,3,13.5,0.5201,0
77,23784.99,2418.82,23339.68,12.3,1,4,7.5,0.1017,0
49,48896.41,19799.92,7476.1,,0,7,12.1,0.4049,0
29,53457.01,22629.98,12967.81,9.5,3,8,3.3,0.4233,0
